Workbook

Sheet das_tank_inventories_daily
A1: destruction_date | B1: location | C1: value_date | D1: latitude | E1: stock | F1: acquisition_date | G1: longitude | H1: tank_id | I1: creation_date | J1: shape | K1: capacity | L1: tank_type | M1: stock_change | N1: utilization
B2: dasIslandTerminal_adnoc | C2: 46247 | D2: 25.154981 | E2: 150394.11 | F2: 46246.606 | G2: 52.876187 | H2: dasIsland_9 | J2: ADNOC - Das Island terminal | K2: 577007.91 | L2: C | M2: 0 | N2: 0.26064481
B3: dasIslandTerminal_adnoc | C3: 46246 | D3: 25.154981 | E3: 530384.25 | F3: 46243.099 | G3: 52.876187 | H3: dasIsland_9 | J3: ADNOC - Das Island terminal | K3: 577007.91 | L3: C | M3: 379990.13 | N3: 0.91919754
B4: dasIslandTerminal_adnoc | C4: 46245 | D4: 25.154981 | E4: 530384.25 | F4: 46243.099 | G4: 52.876187 | H4: dasIsland_9 | J4: ADNOC - Das Island terminal | K4: 577007.91 | L4: C | M4: 0 | N4: 0.91919754
B5: dasIslandTerminal_adnoc | C5: 46244 | D5: 25.154981 | E5: 530384.25 | F5: 46243.099 | G5: 52.876187 | H5: dasIsland_9 | J5: ADNOC - Das Island terminal | K5: 577007.91 | L5: C | M5: 0 | N5: 0.91919754
B6: dasIslandTerminal_adnoc | C6: 46243 | D6: 25.154981 | E6: 139675.5 | F6: 46240.606 | G6: 52.876187 | H6: dasIsland_9 | J6: ADNOC - Das Island terminal | K6: 577007.91 | L6: C | M6: -390708.75 | N6: 0.2420686
B7: dasIslandTerminal_adnoc | C7: 46242 | D7: 25.154981 | E7: 139675.5 | F7: 46240.606 | G7: 52.876187 | H7: dasIsland_9 | J7: ADNOC - Das Island terminal | K7: 577007.91 | L7: C | M7: 0 | N7: 0.2420686
B8: dasIslandTerminal_adnoc | C8: 46241 | D8: 25.154981 | E8: 139675.5 | F8: 46240.606 | G8: 52.876187 | H8: dasIsland_9 | J8: ADNOC - Das Island terminal | K8: 577007.91 | L8: C | M8: 0 | N8: 0.2420686
B9: dasIslandTerminal_adnoc | C9: 46240 | D9: 25.154981 | E9: 208982.62 | F9: 46237.099 | G9: 52.876187 | H9: dasIsland_9 | J9: ADNOC - Das Island terminal | K9: 577007.91 | L9: C | M9: 69307.123 | N9: 0.36218328
B10: dasIslandTerminal_adnoc | C10: 46239 | D10: 25.154981 | E10: 208982.62 | F10: 46237.099 | G10: 52.876187 | H10: dasIsland_9 | J10: ADNOC - Das Island terminal | K10: 577007.91 | L10: C | M10: 0 | N10: 0.36218328
B11: dasIslandTerminal_adnoc | C11: 46238 | D11: 25.154981 | E11: 208982.62 | F11: 46237.099 | G11: 52.876187 | H11: dasIsland_9 | J11: ADNOC - Das Island terminal | K11: 577007.91 | L11: C | M11: 0 | N11: 0.36218328
B12: dasIslandTerminal_adnoc | C12: 46237 | D12: 25.154981 | E12: 297663.58 | F12: 46234.606 | G12: 52.876187 | H12: dasIsland_9 | J12: ADNOC - Das Island terminal | K12: 577007.91 | L12: C | M12: 88680.961 | N12: 0.51587435
B13: dasIslandTerminal_adnoc | C13: 46236 | D13: 25.154981 | E13: 297663.58 | F13: 46234.606 | G13: 52.876187 | H13: dasIsland_9 | J13: ADNOC - Das Island terminal | K13: 577007.91 | L13: C | M13: 0 | N13: 0.51587435
... B897: dasIslandTerminal_adnoc | C897: 46024 | D897: 25.15578 | E897: 126349.28 | F897: 46023.606 | G897: 52.87382 | H897: dasIsland_6 | J897: ADNOC - Das Island terminal | K897: 689407.19 | L897: C | M897: 0 | N897: 0.18327236
A898: 43864 | B898: dasIslandTerminal_adnoc | C898: 46247 | D898: 25.155889 | E898: 0 | F898: 43863.606 | G898: 52.872942 | H898: dasIsland_5 | J898: ADNOC - Das Island terminal | K898: 0 | L898: C | M898: 0 | N898: 0
A899: 43864 | B899: dasIslandTerminal_adnoc | C899: 46246 | D899: 25.155889 | E899: 0 | F899: 43863.606 | G899: 52.872942 | H899: dasIsland_5 | J899: ADNOC - Das Island terminal | K899: 0 | L899: C | M899: 0 | N899: 0
A900: 43864 | B900: dasIslandTerminal_adnoc | C900: 46245 | D900: 25.155889 | E900: 0 | F900: 43863.606 | G900: 52.872942 | H900: dasIsland_5 | J900: ADNOC - Das Island terminal | K900: 0 | L900: C | M900: 0 | N900: 0
A901: 43864 | B901: dasIslandTerminal_adnoc | C901: 46244 | D901: 25.155889 | E901: 0 | F901: 43863.606 | G901: 52.872942 | H901: dasIsland_5 | J901: ADNOC - Das Island terminal | K901: 0 | L901: C | M901: 0 | N901: 0
A902: 43864 | B902: dasIslandTerminal_adnoc | C902: 46243 | D902: 25.155889 | E902: 0 | F902: 43863.606 | G902: 52.872942 | H902: dasIsland_5 | J902: ADNOC - Das Island terminal | K902: 0 | L902: C | M902: 0 | N902: 0
A903: 43864 | B903: dasIslandTerminal_adnoc | C903: 46242 | D903: 25.155889 | E903: 0 | F903: 43863.606 | G903: 52.872942 | H903: dasIsland_5 | J903: ADNOC - Das Island terminal | K903: 0 | L903: C | M903: 0 | N903: 0
A904: 43864 | B904: dasIslandTerminal_adnoc | C904: 46241 | D904: 25.155889 | E904: 0 | F904: 43863.606 | G904: 52.872942 | H904: dasIsland_5 | J904: ADNOC - Das Island terminal | K904: 0 | L904: C | M904: 0 | N904: 0
A905: 43864 | B905: dasIslandTerminal_adnoc | C905: 46240 | D905: 25.155889 | E905: 0 | F905: 43863.606 | G905: 52.872942 | H905: dasIsland_5 | J905: ADNOC - Das Island terminal | K905: 0 | L905: C | M905: 0 | N905: 0
A906: 43864 | B906: dasIslandTerminal_adnoc | C906: 46239 | D906: 25.155889 | E906: 0 | F906: 43863.606 | G906: 52.872942 | H906: dasIsland_5 | J906: ADNOC - Das Island terminal | K906: 0 | L906: C | M906: 0 | N906: 0
A907: 43864 | B907: dasIslandTerminal_adnoc | C907: 46238 | D907: 25.155889 | E907: 0 | F907: 43863.606 | G907: 52.872942 | H907: dasIsland_5 | J907: ADNOC - Das Island terminal | K907: 0 | L907: C | M907: 0 | N907: 0
A908: 43864 | B908: dasIslandTerminal_adnoc | C908: 46237 | D908: 25.155889 | E908: 0 | F908: 43863.606 | G908: 52.872942 | H908: dasIsland_5 | J908: ADNOC - Das Island terminal | K908: 0 | L908: C | M908: 0 | N908: 0
A909: 43864 | B909: dasIslandTerminal_adnoc | C909: 46236 | D909: 25.155889 | E909: 0 | F909: 43863.606 | G909: 52.872942 | H909: dasIsland_5 | J909: ADNOC - Das Island terminal | K909: 0 | L909: C | M909: 0 | N909: 0
... A1121: 43864 | B1121: dasIslandTerminal_adnoc | C1121: 46024 | D1121: 25.155889 | E1121: 0 | F1121: 43863.606 | G1121: 52.872942 | H1121: dasIsland_5 | J1121: ADNOC - Das Island terminal | K1121: 0 | L1121: C | M1121: 0 | N1121: 0
B1122: dasIslandTerminal_adnoc | C1122: 46247 | D1122: 25.157508 | E1122: 577007.91 | F1122: 46246.606 | G1122: 52.876708 | H1122: dasIsland_4 | J1122: ADNOC - Das Island terminal | K1122: 577007.91 | L1122: C | M1122: 0 | N1122: 1
B1123: dasIslandTerminal_adnoc | C1123: 46246 | D1123: 25.157508 | E1123: 112260.17 | F1123: 46243.099 | G1123: 52.876708 | H1123: dasIsland_4 | J1123: ADNOC - Das Island terminal | K1123: 577007.91 | L1123: C | M1123: -464747.73 | N1123: 0.19455569
B1124: dasIslandTerminal_adnoc | C1124: 46245 | D1124: 25.157508 | E1124: 112260.17 | F1124: 46243.099 | G1124: 52.876708 | H1124: dasIsland_4 | J1124: ADNOC - Das Island terminal | K1124: 577007.91 | L1124: C | M1124: 0 | N1124: 0.19455569
B1125: dasIslandTerminal_adnoc | C1125: 46244 | D1125: 25.157508 | E1125: 112260.17 | F1125: 46243.099 | G1125: 52.876708 | H1125: dasIsland_4 | J1125: ADNOC - Das Island terminal | K1125: 577007.91 | L1125: C | M1125: 0 | N1125: 0.19455569
B1126: dasIslandTerminal_adnoc | C1126: 46243 | D1126: 25.157508 | E1126: 577007.91 | F1126: 46240.606 | G1126: 52.876708 | H1126: dasIsland_4 | J1126: ADNOC - Das Island terminal | K1126: 577007.91 | L1126: C | M1126: 464747.73 | N1126: 1
B1127: dasIslandTerminal_adnoc | C1127: 46242 | D1127: 25.157508 | E1127: 577007.91 | F1127: 46240.606 | G1127: 52.876708 | H1127: dasIsland_4 | J1127: ADNOC - Das Island terminal | K1127: 577007.91 | L1127: C | M1127: 0 | N1127: 1
B1128: dasIslandTerminal_adnoc | C1128: 46241 | D1128: 25.157508 | E1128: 577007.91 | F1128: 46240.606 | G1128: 52.876708 | H1128: dasIsland_4 | J1128: ADNOC - Das Island terminal | K1128: 577007.91 | L1128: C | M1128: 0 | N1128: 1
B1129: dasIslandTerminal_adnoc | C1129: 46240 | D1129: 25.157508 | E1129: 111144.15 | F1129: 46237.099 | G1129: 52.876708 | H1129: dasIsland_4 | J1129: ADNOC - Das Island terminal | K1129: 577007.91 | L1129: C | M1129: -465863.75 | N1129: 0.19262154
B1130: dasIslandTerminal_adnoc | C1130: 46239 | D1130: 25.157508 | E1130: 111144.15 | F1130: 46237.099 | G1130: 52.876708 | H1130: dasIsland_4 | J1130: ADNOC - Das Island terminal | K1130: 577007.91 | L1130: C | M1130: 0 | N1130: 0.19262154
B1131: dasIslandTerminal_adnoc | C1131: 46238 | D1131: 25.157508 | E1131: 111144.15 | F1131: 46237.099 | G1131: 52.876708 | H1131: dasIsland_4 | J1131: ADNOC - Das Island terminal | K1131: 577007.91 | L1131: C | M1131: 0 | N1131: 0.19262154
B1132: dasIslandTerminal_adnoc | C1132: 46237 | D1132: 25.157508 | E1132: 121910.7 | F1132: 46234.606 | G1132: 52.876708 | H1132: dasIsland_4 | J1132: ADNOC - Das Island terminal | K1132: 577007.91 | L1132: C | M1132: 10766.549 | N1132: 0.21128082
B1133: dasIslandTerminal_adnoc | C1133: 46236 | D1133: 25.157508 | E1133: 121910.7 | F1133: 46234.606 | G1133: 52.876708 | H1133: dasIsland_4 | J1133: ADNOC - Das Island terminal | K1133: 577007.91 | L1133: C | M1133: 0 | N1133: 0.21128082
... B2017: dasIslandTerminal_adnoc | C2017: 46024 | D2017: 25.158622 | E2017: 8414.1526 | F2017: 46023.606 | G2017: 52.875832 | H2017: dasIsland_1 | J2017: ADNOC - Das Island terminal | K2017: 168621.72 | L2017: C | M2017: 0 | N2017: 0.049899577
B2018: dasIslandTerminal_adnoc | C2018: 46247 | D2018: 25.151072 | E2018: 80260.193 | F2018: 46246.606 | G2018: 52.874706 | H2018: dasIsland_18 | I2018: 42243 | J2018: ADNOC - Das Island terminal | K2018: 314942.79 | L2018: C | M2018: 0 | N2018: 0.25484055
B2019: dasIslandTerminal_adnoc | C2019: 46246 | D2019: 25.151072 | E2019: 61504.433 | F2019: 46243.099 | G2019: 52.874706 | H2019: dasIsland_18 | I2019: 42243 | J2019: ADNOC - Das Island terminal | K2019: 314942.79 | L2019: C | M2019: -18755.76 | N2019: 0.19528764
B2020: dasIslandTerminal_adnoc | C2020: 46245 | D2020: 25.151072 | E2020: 61504.433 | F2020: 46243.099 | G2020: 52.874706 | H2020: dasIsland_18 | I2020: 42243 | J2020: ADNOC - Das Island terminal | K2020: 314942.79 | L2020: C | M2020: 0 | N2020: 0.19528764
B2021: dasIslandTerminal_adnoc | C2021: 46244 | D2021: 25.151072 | E2021: 61504.433 | F2021: 46243.099 | G2021: 52.874706 | H2021: dasIsland_18 | I2021: 42243 | J2021: ADNOC - Das Island terminal | K2021: 314942.79 | L2021: C | M2021: 0 | N2021: 0.19528764
B2022: dasIslandTerminal_adnoc | C2022: 46243 | D2022: 25.151072 | E2022: 64968.425 | F2022: 46240.606 | G2022: 52.874706 | H2022: dasIsland_18 | I2022: 42243 | J2022: ADNOC - Das Island terminal | K2022: 314942.79 | L2022: C | M2022: 3463.9916 | N2022: 0.20628643
B2023: dasIslandTerminal_adnoc | C2023: 46242 | D2023: 25.151072 | E2023: 64968.425 | F2023: 46240.606 | G2023: 52.874706 | H2023: dasIsland_18 | I2023: 42243 | J2023: ADNOC - Das Island terminal | K2023: 314942.79 | L2023: C | M2023: 0 | N2023: 0.20628643
B2024: dasIslandTerminal_adnoc | C2024: 46241 | D2024: 25.151072 | E2024: 64968.425 | F2024: 46240.606 | G2024: 52.874706 | H2024: dasIsland_18 | I2024: 42243 | J2024: ADNOC - Das Island terminal | K2024: 314942.79 | L2024: C | M2024: 0 | N2024: 0.20628643
B2025: dasIslandTerminal_adnoc | C2025: 46240 | D2025: 25.151072 | E2025: 61401.386 | F2025: 46237.099 | G2025: 52.874706 | H2025: dasIsland_18 | I2025: 42243 | J2025: ADNOC - Das Island terminal | K2025: 314942.79 | L2025: C | M2025: -3567.039 | N2025: 0.19496044
B2026: dasIslandTerminal_adnoc | C2026: 46239 | D2026: 25.151072 | E2026: 61401.386 | F2026: 46237.099 | G2026: 52.874706 | H2026: dasIsland_18 | I2026: 42243 | J2026: ADNOC - Das Island terminal | K2026: 314942.79 | L2026: C | M2026: 0 | N2026: 0.19496044
B2027: dasIslandTerminal_adnoc | C2027: 46238 | D2027: 25.151072 | E2027: 61401.386 | F2027: 46237.099 | G2027: 52.874706 | H2027: dasIsland_18 | I2027: 42243 | J2027: ADNOC - Das Island terminal | K2027: 314942.79 | L2027: C | M2027: 0 | N2027: 0.19496044
B2028: dasIslandTerminal_adnoc | C2028: 46237 | D2028: 25.151072 | E2028: 64075.809 | F2028: 46234.606 | G2028: 52.874706 | H2028: dasIsland_18 | I2028: 42243 | J2028: ADNOC - Das Island terminal | K2028: 314942.79 | L2028: C | M2028: 2674.4228 | N2028: 0.20345221
B2029: dasIslandTerminal_adnoc | C2029: 46236 | D2029: 25.151072 | E2029: 64075.809 | F2029: 46234.606 | G2029: 52.874706 | H2029: dasIsland_18 | I2029: 42243 | J2029: ADNOC - Das Island terminal | K2029: 314942.79 | L2029: C | M2029: 0 | N2029: 0.20345221
... B2465: dasIslandTerminal_adnoc | C2465: 46024 | D2465: 25.152079 | E2465: 31658.207 | F2465: 46023.606 | G2465: 52.874703 | H2465: dasIsland_17 | I2465: 42243 | J2465: ADNOC - Das Island terminal | K2465: 284149.25 | L2465: C | M2465: 0 | N2465: 0.11141401
B2466: dasIslandTerminal_adnoc | C2466: 46247 | D2466: 25.151849 | E2466: 896593.69 | F2466: 46246.606 | G2466: 52.873304 | H2466: dasIsland_16 | J2466: ADNOC - Das Island terminal | K2466: 896593.69 | L2466: C | M2466: 0 | N2466: 1
B2467: dasIslandTerminal_adnoc | C2467: 46246 | D2467: 25.151849 | E2467: 271134.46 | F2467: 46243.099 | G2467: 52.873304 | H2467: dasIsland_16 | J2467: ADNOC - Das Island terminal | K2467: 896593.69 | L2467: C | M2467: -625459.24 | N2467: 0.30240505
B2468: dasIslandTerminal_adnoc | C2468: 46245 | D2468: 25.151849 | E2468: 271134.46 | F2468: 46243.099 | G2468: 52.873304 | H2468: dasIsland_16 | J2468: ADNOC - Das Island terminal | K2468: 896593.69 | L2468: C | M2468: 0 | N2468: 0.30240505
B2469: dasIslandTerminal_adnoc | C2469: 46244 | D2469: 25.151849 | E2469: 271134.46 | F2469: 46243.099 | G2469: 52.873304 | H2469: dasIsland_16 | J2469: ADNOC - Das Island terminal | K2469: 896593.69 | L2469: C | M2469: 0 | N2469: 0.30240505
B2470: dasIslandTerminal_adnoc | C2470: 46243 | D2470: 25.151849 | E2470: 251629.91 | F2470: 46240.606 | G2470: 52.873304 | H2470: dasIsland_16 | J2470: ADNOC - Das Island terminal | K2470: 896593.69 | L2470: C | M2470: -19504.543 | N2470: 0.280651
B2471: dasIslandTerminal_adnoc | C2471: 46242 | D2471: 25.151849 | E2471: 251629.91 | F2471: 46240.606 | G2471: 52.873304 | H2471: dasIsland_16 | J2471: ADNOC - Das Island terminal | K2471: 896593.69 | L2471: C | M2471: 0 | N2471: 0.280651
B2472: dasIslandTerminal_adnoc | C2472: 46241 | D2472: 25.151849 | E2472: 251629.91 | F2472: 46240.606 | G2472: 52.873304 | H2472: dasIsland_16 | J2472: ADNOC - Das Island terminal | K2472: 896593.69 | L2472: C | M2472: 0 | N2472: 0.280651
B2473: dasIslandTerminal_adnoc | C2473: 46240 | D2473: 25.151849 | E2473: 273476.56 | F2473: 46237.099 | G2473: 52.873304 | H2473: dasIsland_16 | J2473: ADNOC - Das Island terminal | K2473: 896593.69 | L2473: C | M2473: 21846.648 | N2473: 0.30501727
B2474: dasIslandTerminal_adnoc | C2474: 46239 | D2474: 25.151849 | E2474: 273476.56 | F2474: 46237.099 | G2474: 52.873304 | H2474: dasIsland_16 | J2474: ADNOC - Das Island terminal | K2474: 896593.69 | L2474: C | M2474: 0 | N2474: 0.30501727
B2475: dasIslandTerminal_adnoc | C2475: 46238 | D2475: 25.151849 | E2475: 273476.56 | F2475: 46237.099 | G2475: 52.873304 | H2475: dasIsland_16 | J2475: ADNOC - Das Island terminal | K2475: 896593.69 | L2475: C | M2475: 0 | N2475: 0.30501727
B2476: dasIslandTerminal_adnoc | C2476: 46237 | D2476: 25.151849 | E2476: 255632.13 | F2476: 46234.606 | G2476: 52.873304 | H2476: dasIsland_16 | J2476: ADNOC - Das Island terminal | K2476: 896593.69 | L2476: C | M2476: -17844.433 | N2476: 0.2851148
B2477: dasIslandTerminal_adnoc | C2477: 46236 | D2477: 25.151849 | E2477: 255632.13 | F2477: 46234.606 | G2477: 52.873304 | H2477: dasIsland_16 | J2477: ADNOC - Das Island terminal | K2477: 896593.69 | L2477: C | M2477: 0 | N2477: 0.2851148
... B4257: dasIslandTerminal_adnoc | C4257: 46024 | D4257: 25.158623 | E4257: 18455.63 | F4257: 46023.606 | G4257: 52.875132 | H4257: dasIsland_0 | J4257: ADNOC - Das Island terminal | K4257: 210068.52 | L4257: C | M4257: 0 | N4257: 0.087855286

Sheet calculations
B1: date | C1: dasIsland_0 | D1: dasIsland_1 | E1: dasIsland_10 | F1: dasIsland_11 | G1: dasIsland_12 | H1: dasIsland_13 | I1: dasIsland_14 | J1: dasIsland_15 | K1: dasIsland_16 | L1: dasIsland_17 | M1: dasIsland_18 | N1: dasIsland_2 | O1: dasIsland_3 | P1: dasIsland_4 | Q1: dasIsland_5 | R1: dasIsland_6 | S1: dasIsland_7 | T1: dasIsland_8 | U1: dasIsland_9 | W1: Date | X1: tank_draw | Y1: tank_builds | AB1: Date | AC1: tank_draw | AD1: tank_builds
B4: 46026 | C4: =+SUMIFS(das_tank_inventories_daily!$M:$M,das_tank_inventories_daily!$C:$C,calculations!$B4,das_tank_inventories_daily!$H:$H,calculations!C$1) -> -3672.1549 | D4: =+SUMIFS(das_tank_inventories_daily!$M:$M,das_tank_inventories_daily!$C:$C,calculations!$B4,das_tank_inventories_daily!$H:$H,calculations!D$1) -> -4381.1958 | E4: =+SUMIFS(das_tank_inventories_daily!$M:$M,das_tank_inventories_daily!$C:$C,calculations!$B4,das_tank_inventories_daily!$H:$H,calculations!E$1) -> -349259.65 | F4: =+SUMIFS(das_tank_inventories_daily!$M:$M,das_tank_inventories_daily!$C:$C,calculations!$B4,das_tank_inventories_daily!$H:$H,calculations!F$1) -> 0 | G4: =+SUMIFS(das_tank_inventories_daily!$M:$M,das_tank_inventories_daily!$C:$C,calculations!$B4,das_tank_inventories_daily!$H:$H,calculations!G$1) -> -9540.8496 | H4: =+SUMIFS(das_tank_inventories_daily!$M:$M,das_tank_inventories_daily!$C:$C,calculations!$B4,das_tank_inventories_daily!$H:$H,calculations!H$1) -> -20155.896 | I4: =+SUMIFS(das_tank_inventories_daily!$M:$M,das_tank_inventories_daily!$C:$C,calculations!$B4,das_tank_inventories_daily!$H:$H,calculations!I$1) -> -6022.3836 | J4: =+SUMIFS(das_tank_inventories_daily!$M:$M,das_tank_inventories_daily!$C:$C,calculations!$B4,das_tank_inventories_daily!$H:$H,calculations!J$1) -> -1495.1518 | ... U4: =+SUMIFS(das_tank_inventories_daily!$M:$M,das_tank_inventories_daily!$C:$C,calculations!$B4,das_tank_inventories_daily!$H:$H,calculations!U$1) -> -230586.45 | W4: =+B4 -> 46026 | X4: =+SUMIFS(C4:U4,C4:U4,"<0") -> -1209323.7 | Y4: =+SUMIFS(C4:U4,C4:U4,"<0") -> -1209323.7 | Z4: =+Y4+X4 -> -2418647.4 | AB4: =+B4 -> 46026 | AC4: =+SUMIFS(C4:U4,C4:U4,"<0")/3 -> -403107.91 | AD4: =+SUMIFS(C4:U4,C4:U4,">0")/3 -> 733030.47 | AE4: =+AD4+AC4 -> 329922.56
B7: 46029 | C7: =+SUMIFS(das_tank_inventories_daily!$M:$M,das_tank_inventories_daily!$C:$C,calculations!$B7,das_tank_inventories_daily!$H:$H,calculations!C$1) -> 6517.4969 | D7: =+SUMIFS(das_tank_inventories_daily!$M:$M,das_tank_inventories_daily!$C:$C,calculations!$B7,das_tank_inventories_daily!$H:$H,calculations!D$1) -> 5693.0468 | E7: =+SUMIFS(das_tank_inventories_daily!$M:$M,das_tank_inventories_daily!$C:$C,calculations!$B7,das_tank_inventories_daily!$H:$H,calculations!E$1) -> 234296.1 | F7: =+SUMIFS(das_tank_inventories_daily!$M:$M,das_tank_inventories_daily!$C:$C,calculations!$B7,das_tank_inventories_daily!$H:$H,calculations!F$1) -> 479067.73 | G7: =+SUMIFS(das_tank_inventories_daily!$M:$M,das_tank_inventories_daily!$C:$C,calculations!$B7,das_tank_inventories_daily!$H:$H,calculations!G$1) -> 19824.708 | H7: =+SUMIFS(das_tank_inventories_daily!$M:$M,das_tank_inventories_daily!$C:$C,calculations!$B7,das_tank_inventories_daily!$H:$H,calculations!H$1) -> -261686.82 | I7: =+SUMIFS(das_tank_inventories_daily!$M:$M,das_tank_inventories_daily!$C:$C,calculations!$B7,das_tank_inventories_daily!$H:$H,calculations!I$1) -> -473078.76 | J7: =+SUMIFS(das_tank_inventories_daily!$M:$M,das_tank_inventories_daily!$C:$C,calculations!$B7,das_tank_inventories_daily!$H:$H,calculations!J$1) -> -174639.19 | ... U7: =+SUMIFS(das_tank_inventories_daily!$M:$M,das_tank_inventories_daily!$C:$C,calculations!$B7,das_tank_inventories_daily!$H:$H,calculations!U$1) -> 189866.97 | W7: =+B7 -> 46029 | X7: =+SUMIFS(C7:U7,C7:U7,"<0") -> -2238216.8 | Y7: =+SUMIFS(C7:U7,C7:U7,"<0") -> -2238216.8 | Z7: =+Y7+X7 -> -4476433.6 | AB7: =+B7 -> 46029 | AC7: =+SUMIFS(C7:U7,C7:U7,"<0")/(AB7-AB4) -> -746072.26 | AD7: =+SUMIFS(C7:U7,C7:U7,">0")/(AB7-AB4) -> 450186.22 | AE7: =+AD7+AC7 -> -295886.04
AC8: =+SUMIFS(C8:U8,C8:U8,"<0")/(AB8-AB5) -> #DIV/0! | AD8: =+SUMIFS(C8:U8,C8:U8,">0")/(AB8-AB5) -> #DIV/0!
AC9: =+SUMIFS(C9:U9,C9:U9,"<0")/(AB9-AB6) -> #DIV/0! | AD9: =+SUMIFS(C9:U9,C9:U9,">0")/(AB9-AB6) -> #DIV/0!
B10: 46032 | C10: =+SUMIFS(das_tank_inventories_daily!$M:$M,das_tank_inventories_daily!$C:$C,calculations!$B10,das_tank_inventories_daily!$H:$H,calculations!C$1) -> -5982.206 | D10: =+SUMIFS(das_tank_inventories_daily!$M:$M,das_tank_inventories_daily!$C:$C,calculations!$B10,das_tank_inventories_daily!$H:$H,calculations!D$1) -> -9299.6618 | E10: =+SUMIFS(das_tank_inventories_daily!$M:$M,das_tank_inventories_daily!$C:$C,calculations!$B10,das_tank_inventories_daily!$H:$H,calculations!E$1) -> -270393.29 | F10: =+SUMIFS(das_tank_inventories_daily!$M:$M,das_tank_inventories_daily!$C:$C,calculations!$B10,das_tank_inventories_daily!$H:$H,calculations!F$1) -> -45747.704 | G10: =+SUMIFS(das_tank_inventories_daily!$M:$M,das_tank_inventories_daily!$C:$C,calculations!$B10,das_tank_inventories_daily!$H:$H,calculations!G$1) -> -20019.328 | H10: =+SUMIFS(das_tank_inventories_daily!$M:$M,das_tank_inventories_daily!$C:$C,calculations!$B10,das_tank_inventories_daily!$H:$H,calculations!H$1) -> -162352.01 | I10: =+SUMIFS(das_tank_inventories_daily!$M:$M,das_tank_inventories_daily!$C:$C,calculations!$B10,das_tank_inventories_daily!$H:$H,calculations!I$1) -> 28714.785 | J10: =+SUMIFS(das_tank_inventories_daily!$M:$M,das_tank_inventories_daily!$C:$C,calculations!$B10,das_tank_inventories_daily!$H:$H,calculations!J$1) -> -32661.09 | ... U10: =+SUMIFS(das_tank_inventories_daily!$M:$M,das_tank_inventories_daily!$C:$C,calculations!$B10,das_tank_inventories_daily!$H:$H,calculations!U$1) -> 123685.5 | W10: =+B10 -> 46032 | X10: =+SUMIFS(C10:U10,C10:U10,"<0") -> -630031.27 | Y10: =+SUMIFS(C10:U10,C10:U10,"<0") -> -630031.27 | Z10: =+Y10+X10 -> -1260062.5 | AB10: =+B10 -> 46032 | AC10: =+SUMIFS(C10:U10,C10:U10,"<0")/(AB10-AB7) -> -210010.42 | AD10: =+SUMIFS(C10:U10,C10:U10,">0")/(AB10-AB7) -> 533452.02 | AE10: =+AD10+AC10 -> 323441.59
AC11: =+SUMIFS(C11:U11,C11:U11,"<0")/(AB11-AB8) -> #DIV/0! | AD11: =+SUMIFS(C11:U11,C11:U11,">0")/(AB11-AB8) -> #DIV/0!
AC12: =+SUMIFS(C12:U12,C12:U12,"<0")/(AB12-AB9) -> #DIV/0! | AD12: =+SUMIFS(C12:U12,C12:U12,">0")/(AB12-AB9) -> #DIV/0!
B13: 46035 | C13: =+SUMIFS(das_tank_inventories_daily!$M:$M,das_tank_inventories_daily!$C:$C,calculations!$B13,das_tank_inventories_daily!$H:$H,calculations!C$1) -> 4015.4135 | D13: =+SUMIFS(das_tank_inventories_daily!$M:$M,das_tank_inventories_daily!$C:$C,calculations!$B13,das_tank_inventories_daily!$H:$H,calculations!D$1) -> 7872.5194 | E13: =+SUMIFS(das_tank_inventories_daily!$M:$M,das_tank_inventories_daily!$C:$C,calculations!$B13,das_tank_inventories_daily!$H:$H,calculations!E$1) -> 382014.11 | F13: =+SUMIFS(das_tank_inventories_daily!$M:$M,das_tank_inventories_daily!$C:$C,calculations!$B13,das_tank_inventories_daily!$H:$H,calculations!F$1) -> -110446.73 | G13: =+SUMIFS(das_tank_inventories_daily!$M:$M,das_tank_inventories_daily!$C:$C,calculations!$B13,das_tank_inventories_daily!$H:$H,calculations!G$1) -> 13275.868 | H13: =+SUMIFS(das_tank_inventories_daily!$M:$M,das_tank_inventories_daily!$C:$C,calculations!$B13,das_tank_inventories_daily!$H:$H,calculations!H$1) -> 31361.084 | I13: =+SUMIFS(das_tank_inventories_daily!$M:$M,das_tank_inventories_daily!$C:$C,calculations!$B13,das_tank_inventories_daily!$H:$H,calculations!I$1) -> 113278.18 | J13: =+SUMIFS(das_tank_inventories_daily!$M:$M,das_tank_inventories_daily!$C:$C,calculations!$B13,das_tank_inventories_daily!$H:$H,calculations!J$1) -> 36085.692 | ... U13: =+SUMIFS(das_tank_inventories_daily!$M:$M,das_tank_inventories_daily!$C:$C,calculations!$B13,das_tank_inventories_daily!$H:$H,calculations!U$1) -> -384976.74 | W13: =+B13 -> 46035 | X13: =+SUMIFS(C13:U13,C13:U13,"<0") -> -1523795.3 | Y13: =+SUMIFS(C13:U13,C13:U13,"<0") -> -1523795.3 | Z13: =+Y13+X13 -> -3047590.5 | AB13: =+B13 -> 46035 | AC13: =+SUMIFS(C13:U13,C13:U13,"<0")/(AB13-AB10) -> -507931.76 | AD13: =+SUMIFS(C13:U13,C13:U13,">0")/(AB13-AB10) -> 323503.99 | AE13: =+AD13+AC13 -> -184427.77
AC14: =+SUMIFS(C14:U14,C14:U14,"<0")/(AB14-AB11) -> #DIV/0! | AD14: =+SUMIFS(C14:U14,C14:U14,">0")/(AB14-AB11) -> #DIV/0!
AC15: =+SUMIFS(C15:U15,C15:U15,"<0")/(AB15-AB12) -> #DIV/0! | AD15: =+SUMIFS(C15:U15,C15:U15,">0")/(AB15-AB12) -> #DIV/0!
B16: 46038 | C16: =+SUMIFS(das_tank_inventories_daily!$M:$M,das_tank_inventories_daily!$C:$C,calculations!$B16,das_tank_inventories_daily!$H:$H,calculations!C$1) -> -4443.8823 | D16: =+SUMIFS(das_tank_inventories_daily!$M:$M,das_tank_inventories_daily!$C:$C,calculations!$B16,das_tank_inventories_daily!$H:$H,calculations!D$1) -> -5323.9079 | E16: =+SUMIFS(das_tank_inventories_daily!$M:$M,das_tank_inventories_daily!$C:$C,calculations!$B16,das_tank_inventories_daily!$H:$H,calculations!E$1) -> -27142.313 | F16: =+SUMIFS(das_tank_inventories_daily!$M:$M,das_tank_inventories_daily!$C:$C,calculations!$B16,das_tank_inventories_daily!$H:$H,calculations!F$1) -> -62362.065 | G16: =+SUMIFS(das_tank_inventories_daily!$M:$M,das_tank_inventories_daily!$C:$C,calculations!$B16,das_tank_inventories_daily!$H:$H,calculations!G$1) -> -15753.357 | H16: =+SUMIFS(das_tank_inventories_daily!$M:$M,das_tank_inventories_daily!$C:$C,calculations!$B16,das_tank_inventories_daily!$H:$H,calculations!H$1) -> 407830.76 | I16: =+SUMIFS(das_tank_inventories_daily!$M:$M,das_tank_inventories_daily!$C:$C,calculations!$B16,das_tank_inventories_daily!$H:$H,calculations!I$1) -> 317454.38 | J16: =+SUMIFS(das_tank_inventories_daily!$M:$M,das_tank_inventories_daily!$C:$C,calculations!$B16,das_tank_inventories_daily!$H:$H,calculations!J$1) -> -55218.495 | ... U16: =+SUMIFS(das_tank_inventories_daily!$M:$M,das_tank_inventories_daily!$C:$C,calculations!$B16,das_tank_inventories_daily!$H:$H,calculations!U$1) -> 384465.73 | W16: =+B16 -> 46038 | X16: =+SUMIFS(C16:U16,C16:U16,"<0") -> -740497.71 | Y16: =+SUMIFS(C16:U16,C16:U16,"<0") -> -740497.71 | Z16: =+Y16+X16 -> -1480995.4 | AB16: =+B16 -> 46038 | AC16: =+SUMIFS(C16:U16,C16:U16,"<0")/(AB16-AB13) -> -246832.57 | AD16: =+SUMIFS(C16:U16,C16:U16,">0")/(AB16-AB13) -> 621296.4 | AE16: =+AD16+AC16 -> 374463.83
AC17: =+SUMIFS(C17:U17,C17:U17,"<0")/(AB17-AB14) -> #DIV/0! | AD17: =+SUMIFS(C17:U17,C17:U17,">0")/(AB17-AB14) -> #DIV/0!
AC18: =+SUMIFS(C18:U18,C18:U18,"<0")/(AB18-AB15) -> #DIV/0! | AD18: =+SUMIFS(C18:U18,C18:U18,">0")/(AB18-AB15) -> #DIV/0!
B19: 46041 | C19: =+SUMIFS(das_tank_inventories_daily!$M:$M,das_tank_inventories_daily!$C:$C,calculations!$B19,das_tank_inventories_daily!$H:$H,calculations!C$1) -> 5829.502 | D19: =+SUMIFS(das_tank_inventories_daily!$M:$M,das_tank_inventories_daily!$C:$C,calculations!$B19,das_tank_inventories_daily!$H:$H,calculations!D$1) -> 5253.8772 | E19: =+SUMIFS(das_tank_inventories_daily!$M:$M,das_tank_inventories_daily!$C:$C,calculations!$B19,das_tank_inventories_daily!$H:$H,calculations!E$1) -> 28375.837 | F19: =+SUMIFS(das_tank_inventories_daily!$M:$M,das_tank_inventories_daily!$C:$C,calculations!$B19,das_tank_inventories_daily!$H:$H,calculations!F$1) -> -82697.036 | G19: =+SUMIFS(das_tank_inventories_daily!$M:$M,das_tank_inventories_daily!$C:$C,calculations!$B19,das_tank_inventories_daily!$H:$H,calculations!G$1) -> 18854.122 | H19: =+SUMIFS(das_tank_inventories_daily!$M:$M,das_tank_inventories_daily!$C:$C,calculations!$B19,das_tank_inventories_daily!$H:$H,calculations!H$1) -> 13954.186 | I19: =+SUMIFS(das_tank_inventories_daily!$M:$M,das_tank_inventories_daily!$C:$C,calculations!$B19,das_tank_inventories_daily!$H:$H,calculations!I$1) -> -473071.13 | J19: =+SUMIFS(das_tank_inventories_daily!$M:$M,das_tank_inventories_daily!$C:$C,calculations!$B19,das_tank_inventories_daily!$H:$H,calculations!J$1) -> -139516.26 | ... U19: =+SUMIFS(das_tank_inventories_daily!$M:$M,das_tank_inventories_daily!$C:$C,calculations!$B19,das_tank_inventories_daily!$H:$H,calculations!U$1) -> -391336.13 | W19: =+B19 -> 46041 | X19: =+SUMIFS(C19:U19,C19:U19,"<0") -> -2288252.3 | Y19: =+SUMIFS(C19:U19,C19:U19,"<0") -> -2288252.3 | Z19: =+Y19+X19 -> -4576504.6 | AB19: =+B19 -> 46041 | AC19: =+SUMIFS(C19:U19,C19:U19,"<0")/(AB19-AB16) -> -762750.77 | AD19: =+SUMIFS(C19:U19,C19:U19,">0")/(AB19-AB16) -> 108350.72 | AE19: =+AD19+AC19 -> -654400.04
AC20: =+SUMIFS(C20:U20,C20:U20,"<0")/(AB20-AB17) -> #DIV/0! | AD20: =+SUMIFS(C20:U20,C20:U20,">0")/(AB20-AB17) -> #DIV/0!
AC21: =+SUMIFS(C21:U21,C21:U21,"<0")/(AB21-AB18) -> #DIV/0! | AD21: =+SUMIFS(C21:U21,C21:U21,">0")/(AB21-AB18) -> #DIV/0!
AC22: =+SUMIFS(C22:U22,C22:U22,"<0")/(AB22-AB19) -> 0 | AD22: =+SUMIFS(C22:U22,C22:U22,">0")/(AB22-AB19) -> 0
AC23: =+SUMIFS(C23:U23,C23:U23,"<0")/(AB23-AB20) -> #DIV/0! | AD23: =+SUMIFS(C23:U23,C23:U23,">0")/(AB23-AB20) -> #DIV/0!
AC24: =+SUMIFS(C24:U24,C24:U24,"<0")/(AB24-AB21) -> #DIV/0! | AD24: =+SUMIFS(C24:U24,C24:U24,">0")/(AB24-AB21) -> #DIV/0!
B25: 46047 | C25: =+SUMIFS(das_tank_inventories_daily!$M:$M,das_tank_inventories_daily!$C:$C,calculations!$B25,das_tank_inventories_daily!$H:$H,calculations!C$1) -> -2717.0237 | D25: =+SUMIFS(das_tank_inventories_daily!$M:$M,das_tank_inventories_daily!$C:$C,calculations!$B25,das_tank_inventories_daily!$H:$H,calculations!D$1) -> -152.29302 | E25: =+SUMIFS(das_tank_inventories_daily!$M:$M,das_tank_inventories_daily!$C:$C,calculations!$B25,das_tank_inventories_daily!$H:$H,calculations!E$1) -> -2044.3967 | F25: =+SUMIFS(das_tank_inventories_daily!$M:$M,das_tank_inventories_daily!$C:$C,calculations!$B25,das_tank_inventories_daily!$H:$H,calculations!F$1) -> -135963.6 | G25: =+SUMIFS(das_tank_inventories_daily!$M:$M,das_tank_inventories_daily!$C:$C,calculations!$B25,das_tank_inventories_daily!$H:$H,calculations!G$1) -> -7433.6612 | H25: =+SUMIFS(das_tank_inventories_daily!$M:$M,das_tank_inventories_daily!$C:$C,calculations!$B25,das_tank_inventories_daily!$H:$H,calculations!H$1) -> -14745.852 | I25: =+SUMIFS(das_tank_inventories_daily!$M:$M,das_tank_inventories_daily!$C:$C,calculations!$B25,das_tank_inventories_daily!$H:$H,calculations!I$1) -> 43990.95 | J25: =+SUMIFS(das_tank_inventories_daily!$M:$M,das_tank_inventories_daily!$C:$C,calculations!$B25,das_tank_inventories_daily!$H:$H,calculations!J$1) -> 390653.07 | ... U25: =+SUMIFS(das_tank_inventories_daily!$M:$M,das_tank_inventories_daily!$C:$C,calculations!$B25,das_tank_inventories_daily!$H:$H,calculations!U$1) -> -31989.481 | W25: =+B25 -> 46047 | X25: =+SUMIFS(C25:U25,C25:U25,"<0") -> -925355.22 | Y25: =+SUMIFS(C25:U25,C25:U25,"<0") -> -925355.22 | Z25: =+Y25+X25 -> -1850710.4 | AB25: =+B25 -> 46047 | AC25: =+SUMIFS(C25:U25,C25:U25,"<0")/(AB25-AB22) -> -20.095885 | AD25: =+SUMIFS(C25:U25,C25:U25,">0")/(AB25-AB22) -> 22.0181 | AE25: =+AD25+AC25 -> 1.9222152
W26: =+#REF! -> #REF! | X26: =+SUMIFS(#REF!,#REF!,"<0") -> #REF! | Y26: =+SUMIFS(#REF!,#REF!,">0") -> #REF! | Z26: =+Y26+X26 -> #REF! | AC26: =+SUMIFS(C26:U26,C26:U26,"<0")/(AB26-AB23) -> #DIV/0! | AD26: =+SUMIFS(C26:U26,C26:U26,">0")/(AB26-AB23) -> #DIV/0!
W27: =+#REF! -> #REF! | X27: =+SUMIFS(#REF!,#REF!,"<0") -> #REF! | Y27: =+SUMIFS(#REF!,#REF!,">0") -> #REF! | Z27: =+Y27+X27 -> #REF! | AC27: =+SUMIFS(C27:U27,C27:U27,"<0")/(AB27-AB24) -> #DIV/0! | AD27: =+SUMIFS(C27:U27,C27:U27,">0")/(AB27-AB24) -> #DIV/0!
B28: 46050 | C28: =+SUMIFS(das_tank_inventories_daily!$M:$M,das_tank_inventories_daily!$C:$C,calculations!$B28,das_tank_inventories_daily!$H:$H,calculations!C$1) -> -2792.68 | D28: =+SUMIFS(das_tank_inventories_daily!$M:$M,das_tank_inventories_daily!$C:$C,calculations!$B28,das_tank_inventories_daily!$H:$H,calculations!D$1) -> -5443.8267 | E28: =+SUMIFS(das_tank_inventories_daily!$M:$M,das_tank_inventories_daily!$C:$C,calculations!$B28,das_tank_inventories_daily!$H:$H,calculations!E$1) -> -378551.22 | F28: =+SUMIFS(das_tank_inventories_daily!$M:$M,das_tank_inventories_daily!$C:$C,calculations!$B28,das_tank_inventories_daily!$H:$H,calculations!F$1) -> -9537.8367 | G28: =+SUMIFS(das_tank_inventories_daily!$M:$M,das_tank_inventories_daily!$C:$C,calculations!$B28,das_tank_inventories_daily!$H:$H,calculations!G$1) -> -7697.6319 | H28: =+SUMIFS(das_tank_inventories_daily!$M:$M,das_tank_inventories_daily!$C:$C,calculations!$B28,das_tank_inventories_daily!$H:$H,calculations!H$1) -> -440053.67 | I28: =+SUMIFS(das_tank_inventories_daily!$M:$M,das_tank_inventories_daily!$C:$C,calculations!$B28,das_tank_inventories_daily!$H:$H,calculations!I$1) -> -68856.283 | J28: =+SUMIFS(das_tank_inventories_daily!$M:$M,das_tank_inventories_daily!$C:$C,calculations!$B28,das_tank_inventories_daily!$H:$H,calculations!J$1) -> -6019.3852 | ... U28: =+SUMIFS(das_tank_inventories_daily!$M:$M,das_tank_inventories_daily!$C:$C,calculations!$B28,das_tank_inventories_daily!$H:$H,calculations!U$1) -> 424152 | W28: =+B28 -> 46050 | X28: =+SUMIFS(C28:U28,C28:U28,"<0") -> -950796.53 | Y28: =+SUMIFS(C28:U28,C28:U28,"<0") -> -950796.53 | Z28: =+Y28+X28 -> -1901593.1 | AB28: =+B28 -> 46050 | AC28: =+SUMIFS(C28:U28,C28:U28,"<0")/(AB28-AB25) -> -316932.18 | AD28: =+SUMIFS(C28:U28,C28:U28,">0")/(AB28-AB25) -> 466836.5 | AE28: =+AD28+AC28 -> 149904.33
W29: =+#REF! -> #REF! | X29: =+SUMIFS(#REF!,#REF!,"<0") -> #REF! | Y29: =+SUMIFS(#REF!,#REF!,">0") -> #REF! | Z29: =+Y29+X29 -> #REF! | AC29: =+SUMIFS(C29:U29,C29:U29,"<0")/(AB29-AB26) -> #DIV/0! | AD29: =+SUMIFS(C29:U29,C29:U29,">0")/(AB29-AB26) -> #DIV/0!
W30: =+#REF! -> #REF! | X30: =+SUMIFS(#REF!,#REF!,"<0") -> #REF! | Y30: =+SUMIFS(#REF!,#REF!,">0") -> #REF! | Z30: =+Y30+X30 -> #REF! | AC30: =+SUMIFS(C30:U30,C30:U30,"<0")/(AB30-AB27) -> #DIV/0! | AD30: =+SUMIFS(C30:U30,C30:U30,">0")/(AB30-AB27) -> #DIV/0! | AI30: 0 | AJ30: 0 | AK30: 0
B31: 46053 | C31: =+SUMIFS(das_tank_inventories_daily!$M:$M,das_tank_inventories_daily!$C:$C,calculations!$B31,das_tank_inventories_daily!$H:$H,calculations!C$1) -> 4478.103 | D31: =+SUMIFS(das_tank_inventories_daily!$M:$M,das_tank_inventories_daily!$C:$C,calculations!$B31,das_tank_inventories_daily!$H:$H,calculations!D$1) -> 5876.6817 | E31: =+SUMIFS(das_tank_inventories_daily!$M:$M,das_tank_inventories_daily!$C:$C,calculations!$B31,das_tank_inventories_daily!$H:$H,calculations!E$1) -> 25148.786 | F31: =+SUMIFS(das_tank_inventories_daily!$M:$M,das_tank_inventories_daily!$C:$C,calculations!$B31,das_tank_inventories_daily!$H:$H,calculations!F$1) -> 4582.9431 | G31: =+SUMIFS(das_tank_inventories_daily!$M:$M,das_tank_inventories_daily!$C:$C,calculations!$B31,das_tank_inventories_daily!$H:$H,calculations!G$1) -> 12450.831 | H31: =+SUMIFS(das_tank_inventories_daily!$M:$M,das_tank_inventories_daily!$C:$C,calculations!$B31,das_tank_inventories_daily!$H:$H,calculations!H$1) -> 393018.77 | I31: =+SUMIFS(das_tank_inventories_daily!$M:$M,das_tank_inventories_daily!$C:$C,calculations!$B31,das_tank_inventories_daily!$H:$H,calculations!I$1) -> 504014.67 | J31: =+SUMIFS(das_tank_inventories_daily!$M:$M,das_tank_inventories_daily!$C:$C,calculations!$B31,das_tank_inventories_daily!$H:$H,calculations!J$1) -> -384633.68 | ... U31: =+SUMIFS(das_tank_inventories_daily!$M:$M,das_tank_inventories_daily!$C:$C,calculations!$B31,das_tank_inventories_daily!$H:$H,calculations!U$1) -> -75926.454 | W31: =+B31 -> 46053 | X31: =+SUMIFS(C31:U31,C31:U31,"<0") -> -1925909.9 | Y31: =+SUMIFS(C31:U31,C31:U31,"<0") -> -1925909.9 | Z31: =+Y31+X31 -> -3851819.7 | AB31: =+B31 -> 46053 | AC31: =+SUMIFS(C31:U31,C31:U31,"<0")/(AB31-AB28) -> -641969.95 | AD31: =+SUMIFS(C31:U31,C31:U31,">0")/(AB31-AB28) -> 477958.83 | AE31: =+AD31+AC31 -> -164011.13 | AH31: =+AB31 -> 46053 | AI31: =+AI30+AC31 -> -641969.95 | AJ31: =+AJ30+AD31 -> 477958.83 | AK31: =+AK30+AE31 -> -164011.13
W32: =+#REF! -> #REF! | X32: =+SUMIFS(#REF!,#REF!,"<0") -> #REF! | Y32: =+SUMIFS(#REF!,#REF!,">0") -> #REF! | Z32: =+Y32+X32 -> #REF! | AC32: =+SUMIFS(C32:U32,C32:U32,"<0")/(AB32-AB29) -> #DIV/0! | AD32: =+SUMIFS(C32:U32,C32:U32,">0")/(AB32-AB29) -> #DIV/0! | AH32: =+AB32 -> 0 | AI32: =+AI31+AC32 -> #DIV/0! | AJ32: =+AJ31+AD32 -> #DIV/0! | AK32: =+AK31+AE32 -> -164011.13
W33: =+#REF! -> #REF! | X33: =+SUMIFS(#REF!,#REF!,"<0") -> #REF! | Y33: =+SUMIFS(#REF!,#REF!,">0") -> #REF! | Z33: =+Y33+X33 -> #REF! | AC33: =+SUMIFS(C33:U33,C33:U33,"<0")/(AB33-AB30) -> #DIV/0! | AD33: =+SUMIFS(C33:U33,C33:U33,">0")/(AB33-AB30) -> #DIV/0! | AH33: =+AB33 -> 0 | AI33: =+AI32+AC33 -> #DIV/0! | AJ33: =+AJ32+AD33 -> #DIV/0! | AK33: =+AK32+AE33 -> -164011.13
B34: 46056 | C34: =+SUMIFS(das_tank_inventories_daily!$M:$M,das_tank_inventories_daily!$C:$C,calculations!$B34,das_tank_inventories_daily!$H:$H,calculations!C$1) -> -4348.7939 | D34: =+SUMIFS(das_tank_inventories_daily!$M:$M,das_tank_inventories_daily!$C:$C,calculations!$B34,das_tank_inventories_daily!$H:$H,calculations!D$1) -> -9004.1207 | E34: =+SUMIFS(das_tank_inventories_daily!$M:$M,das_tank_inventories_daily!$C:$C,calculations!$B34,das_tank_inventories_daily!$H:$H,calculations!E$1) -> 325769.97 | F34: =+SUMIFS(das_tank_inventories_daily!$M:$M,das_tank_inventories_daily!$C:$C,calculations!$B34,das_tank_inventories_daily!$H:$H,calculations!F$1) -> -36895.707 | G34: =+SUMIFS(das_tank_inventories_daily!$M:$M,das_tank_inventories_daily!$C:$C,calculations!$B34,das_tank_inventories_daily!$H:$H,calculations!G$1) -> -14859.301 | H34: =+SUMIFS(das_tank_inventories_daily!$M:$M,das_tank_inventories_daily!$C:$C,calculations!$B34,das_tank_inventories_daily!$H:$H,calculations!H$1) -> 12350.237 | I34: =+SUMIFS(das_tank_inventories_daily!$M:$M,das_tank_inventories_daily!$C:$C,calculations!$B34,das_tank_inventories_daily!$H:$H,calculations!I$1) -> -421937.83 | J34: =+SUMIFS(das_tank_inventories_daily!$M:$M,das_tank_inventories_daily!$C:$C,calculations!$B34,das_tank_inventories_daily!$H:$H,calculations!J$1) -> 398538.77 | ... U34: =+SUMIFS(das_tank_inventories_daily!$M:$M,das_tank_inventories_daily!$C:$C,calculations!$B34,das_tank_inventories_daily!$H:$H,calculations!U$1) -> -36203.852 | W34: =+B34 -> 46056 | X34: =+SUMIFS(C34:U34,C34:U34,"<0") -> -1563606.6 | Y34: =+SUMIFS(C34:U34,C34:U34,"<0") -> -1563606.6 | Z34: =+Y34+X34 -> -3127213.1 | AB34: =+B34 -> 46056 | AC34: =+SUMIFS(C34:U34,C34:U34,"<0")/(AB34-AB31) -> -521202.19 | AD34: =+SUMIFS(C34:U34,C34:U34,">0")/(AB34-AB31) -> 781286.04 | AE34: =+AD34+AC34 -> 260083.85 | AH34: =+AB34 -> 46056 | AI34: =+AI31+AC34 -> -1163172.1 | AJ34: =+AJ33+AD34 -> #DIV/0! | AK34: =+AK33+AE34 -> 96072.721
W35: =+#REF! -> #REF! | X35: =+SUMIFS(#REF!,#REF!,"<0") -> #REF! | Y35: =+SUMIFS(#REF!,#REF!,">0") -> #REF! | Z35: =+Y35+X35 -> #REF! | AC35: =+SUMIFS(C35:U35,C35:U35,"<0")/(AB35-AB32) -> #DIV/0! | AD35: =+SUMIFS(C35:U35,C35:U35,">0")/(AB35-AB32) -> #DIV/0! | AH35: =+AB35 -> 0 | AI35: =+AI34+AC35 -> #DIV/0! | AJ35: =+AJ34+AD35 -> #DIV/0! | AK35: =+AK34+AE35 -> 96072.721
W36: =+#REF! -> #REF! | X36: =+SUMIFS(#REF!,#REF!,"<0") -> #REF! | Y36: =+SUMIFS(#REF!,#REF!,">0") -> #REF! | Z36: =+Y36+X36 -> #REF! | AC36: =+SUMIFS(C36:U36,C36:U36,"<0")/(AB36-AB33) -> #DIV/0! | AD36: =+SUMIFS(C36:U36,C36:U36,">0")/(AB36-AB33) -> #DIV/0! | AH36: =+AB36 -> 0 | AI36: =+AI35+AC36 -> #DIV/0! | AJ36: =+AJ35+AD36 -> #DIV/0! | AK36: =+AK35+AE36 -> 96072.721
B37: 46059 | C37: =+SUMIFS(das_tank_inventories_daily!$M:$M,das_tank_inventories_daily!$C:$C,calculations!$B37,das_tank_inventories_daily!$H:$H,calculations!C$1) -> 3613.3655 | D37: =+SUMIFS(das_tank_inventories_daily!$M:$M,das_tank_inventories_daily!$C:$C,calculations!$B37,das_tank_inventories_daily!$H:$H,calculations!D$1) -> 10403.858 | E37: =+SUMIFS(das_tank_inventories_daily!$M:$M,das_tank_inventories_daily!$C:$C,calculations!$B37,das_tank_inventories_daily!$H:$H,calculations!E$1) -> 33547.41 | F37: =+SUMIFS(das_tank_inventories_daily!$M:$M,das_tank_inventories_daily!$C:$C,calculations!$B37,das_tank_inventories_daily!$H:$H,calculations!F$1) -> 52726.408 | G37: =+SUMIFS(das_tank_inventories_daily!$M:$M,das_tank_inventories_daily!$C:$C,calculations!$B37,das_tank_inventories_daily!$H:$H,calculations!G$1) -> 15797.642 | H37: =+SUMIFS(das_tank_inventories_daily!$M:$M,das_tank_inventories_daily!$C:$C,calculations!$B37,das_tank_inventories_daily!$H:$H,calculations!H$1) -> -390363.07 | I37: =+SUMIFS(das_tank_inventories_daily!$M:$M,das_tank_inventories_daily!$C:$C,calculations!$B37,das_tank_inventories_daily!$H:$H,calculations!I$1) -> 364652.35 | J37: =+SUMIFS(das_tank_inventories_daily!$M:$M,das_tank_inventories_daily!$C:$C,calculations!$B37,das_tank_inventories_daily!$H:$H,calculations!J$1) -> -318782.38 | ... U37: =+SUMIFS(das_tank_inventories_daily!$M:$M,das_tank_inventories_daily!$C:$C,calculations!$B37,das_tank_inventories_daily!$H:$H,calculations!U$1) -> -19475.044 | W37: =+B37 -> 46059 | X37: =+SUMIFS(C37:U37,C37:U37,"<0") -> -1915287.8 | Y37: =+SUMIFS(C37:U37,C37:U37,"<0") -> -1915287.8 | Z37: =+Y37+X37 -> -3830575.6 | AB37: =+B37 -> 46059 | AC37: =+SUMIFS(C37:U37,C37:U37,"<0")/(AB37-AB34) -> -638429.27 | AD37: =+SUMIFS(C37:U37,C37:U37,">0")/(AB37-AB34) -> 474786.73 | AE37: =+AD37+AC37 -> -163642.54 | AH37: =+AB37 -> 46059 | AI37: =+AI36+AC37 -> #DIV/0! | AJ37: =+AJ36+AD37 -> #DIV/0! | AK37: =+AK36+AE37 -> -67569.824
W38: =+#REF! -> #REF! | X38: =+SUMIFS(#REF!,#REF!,"<0") -> #REF! | Y38: =+SUMIFS(#REF!,#REF!,">0") -> #REF! | Z38: =+Y38+X38 -> #REF! | AC38: =+SUMIFS(C38:U38,C38:U38,"<0")/(AB38-AB35) -> #DIV/0! | AD38: =+SUMIFS(C38:U38,C38:U38,">0")/(AB38-AB35) -> #DIV/0! | AH38: =+AB38 -> 0 | AI38: =+AI37+AC38 -> #DIV/0! | AJ38: =+AJ37+AD38 -> #DIV/0! | AK38: =+AK37+AE38 -> -67569.824
W39: =+#REF! -> #REF! | X39: =+SUMIFS(#REF!,#REF!,"<0") -> #REF! | Y39: =+SUMIFS(#REF!,#REF!,">0") -> #REF! | Z39: =+Y39+X39 -> #REF! | AC39: =+SUMIFS(C39:U39,C39:U39,"<0")/(AB39-AB36) -> #DIV/0! | AD39: =+SUMIFS(C39:U39,C39:U39,">0")/(AB39-AB36) -> #DIV/0! | AH39: =+AB39 -> 0 | AI39: =+AI38+AC39 -> #DIV/0! | AJ39: =+AJ38+AD39 -> #DIV/0! | AK39: =+AK38+AE39 -> -67569.824
B40: 46062 | C40: =+SUMIFS(das_tank_inventories_daily!$M:$M,das_tank_inventories_daily!$C:$C,calculations!$B40,das_tank_inventories_daily!$H:$H,calculations!C$1) -> -4350.2358 | D40: =+SUMIFS(das_tank_inventories_daily!$M:$M,das_tank_inventories_daily!$C:$C,calculations!$B40,das_tank_inventories_daily!$H:$H,calculations!D$1) -> -6689.9289 | E40: =+SUMIFS(das_tank_inventories_daily!$M:$M,das_tank_inventories_daily!$C:$C,calculations!$B40,das_tank_inventories_daily!$H:$H,calculations!E$1) -> -31610.13 | F40: =+SUMIFS(das_tank_inventories_daily!$M:$M,das_tank_inventories_daily!$C:$C,calculations!$B40,das_tank_inventories_daily!$H:$H,calculations!F$1) -> 427658.78 | G40: =+SUMIFS(das_tank_inventories_daily!$M:$M,das_tank_inventories_daily!$C:$C,calculations!$B40,das_tank_inventories_daily!$H:$H,calculations!G$1) -> -14700.464 | H40: =+SUMIFS(das_tank_inventories_daily!$M:$M,das_tank_inventories_daily!$C:$C,calculations!$B40,das_tank_inventories_daily!$H:$H,calculations!H$1) -> 481425.31 | I40: =+SUMIFS(das_tank_inventories_daily!$M:$M,das_tank_inventories_daily!$C:$C,calculations!$B40,das_tank_inventories_daily!$H:$H,calculations!I$1) -> 75680.99 | J40: =+SUMIFS(das_tank_inventories_daily!$M:$M,das_tank_inventories_daily!$C:$C,calculations!$B40,das_tank_inventories_daily!$H:$H,calculations!J$1) -> -66604.254 | ... U40: =+SUMIFS(das_tank_inventories_daily!$M:$M,das_tank_inventories_daily!$C:$C,calculations!$B40,das_tank_inventories_daily!$H:$H,calculations!U$1) -> -195147.75 | W40: =+B40 -> 46062 | X40: =+SUMIFS(C40:U40,C40:U40,"<0") -> -1527739.8 | Y40: =+SUMIFS(C40:U40,C40:U40,"<0") -> -1527739.8 | Z40: =+Y40+X40 -> -3055479.7 | AB40: =+B40 -> 46062 | AC40: =+SUMIFS(C40:U40,C40:U40,"<0")/(AB40-AB37) -> -509246.62 | AD40: =+SUMIFS(C40:U40,C40:U40,">0")/(AB40-AB37) -> 670273.21 | AE40: =+AD40+AC40 -> 161026.59 | AH40: =+AB40 -> 46062 | AI40: =+AI39+AC40 -> #DIV/0! | AJ40: =+AJ39+AD40 -> #DIV/0! | AK40: =+AK39+AE40 -> 93456.769
W41: =+#REF! -> #REF! | X41: =+SUMIFS(#REF!,#REF!,"<0") -> #REF! | Y41: =+SUMIFS(#REF!,#REF!,">0") -> #REF! | Z41: =+Y41+X41 -> #REF! | AC41: =+SUMIFS(C41:U41,C41:U41,"<0")/(AB41-AB38) -> #DIV/0! | AD41: =+SUMIFS(C41:U41,C41:U41,">0")/(AB41-AB38) -> #DIV/0! | AH41: =+AB41 -> 0 | AI41: =+AI40+AC41 -> #DIV/0! | AJ41: =+AJ40+AD41 -> #DIV/0! | AK41: =+AK40+AE41 -> 93456.769
W42: =+#REF! -> #REF! | X42: =+SUMIFS(#REF!,#REF!,"<0") -> #REF! | Y42: =+SUMIFS(#REF!,#REF!,">0") -> #REF! | Z42: =+Y42+X42 -> #REF! | AC42: =+SUMIFS(C42:U42,C42:U42,"<0")/(AB42-AB39) -> #DIV/0! | AD42: =+SUMIFS(C42:U42,C42:U42,">0")/(AB42-AB39) -> #DIV/0! | AH42: =+AB42 -> 0 | AI42: =+AI41+AC42 -> #DIV/0! | AJ42: =+AJ41+AD42 -> #DIV/0! | AK42: =+AK41+AE42 -> 93456.769
B43: 46065 | C43: =+SUMIFS(das_tank_inventories_daily!$M:$M,das_tank_inventories_daily!$C:$C,calculations!$B43,das_tank_inventories_daily!$H:$H,calculations!C$1) -> 3914.2189 | D43: =+SUMIFS(das_tank_inventories_daily!$M:$M,das_tank_inventories_daily!$C:$C,calculations!$B43,das_tank_inventories_daily!$H:$H,calculations!D$1) -> 4915.5299 | E43: =+SUMIFS(das_tank_inventories_daily!$M:$M,das_tank_inventories_daily!$C:$C,calculations!$B43,das_tank_inventories_daily!$H:$H,calculations!E$1) -> -272031.24 | F43: =+SUMIFS(das_tank_inventories_daily!$M:$M,das_tank_inventories_daily!$C:$C,calculations!$B43,das_tank_inventories_daily!$H:$H,calculations!F$1) -> -516.80977 | G43: =+SUMIFS(das_tank_inventories_daily!$M:$M,das_tank_inventories_daily!$C:$C,calculations!$B43,das_tank_inventories_daily!$H:$H,calculations!G$1) -> 12340.434 | H43: =+SUMIFS(das_tank_inventories_daily!$M:$M,das_tank_inventories_daily!$C:$C,calculations!$B43,das_tank_inventories_daily!$H:$H,calculations!H$1) -> -481434.41 | I43: =+SUMIFS(das_tank_inventories_daily!$M:$M,das_tank_inventories_daily!$C:$C,calculations!$B43,das_tank_inventories_daily!$H:$H,calculations!I$1) -> -229183.28 | J43: =+SUMIFS(das_tank_inventories_daily!$M:$M,das_tank_inventories_daily!$C:$C,calculations!$B43,das_tank_inventories_daily!$H:$H,calculations!J$1) -> 303319.04 | ... U43: =+SUMIFS(das_tank_inventories_daily!$M:$M,das_tank_inventories_daily!$C:$C,calculations!$B43,das_tank_inventories_daily!$H:$H,calculations!U$1) -> -73190.873 | W43: =+B43 -> 46065 | X43: =+SUMIFS(C43:U43,C43:U43,"<0") -> -1529327.3 | Y43: =+SUMIFS(C43:U43,C43:U43,"<0") -> -1529327.3 | Z43: =+Y43+X43 -> -3058654.7 | AB43: =+B43 -> 46065 | AC43: =+SUMIFS(C43:U43,C43:U43,"<0")/(AB43-AB40) -> -509775.78 | AD43: =+SUMIFS(C43:U43,C43:U43,">0")/(AB43-AB40) -> 557074.77 | AE43: =+AD43+AC43 -> 47298.986 | AH43: =+AB43 -> 46065 | AI43: =+AI42+AC43 -> #DIV/0! | AJ43: =+AJ42+AD43 -> #DIV/0! | AK43: =+AK42+AE43 -> 140755.76
W44: =+#REF! -> #REF! | X44: =+SUMIFS(#REF!,#REF!,"<0") -> #REF! | Y44: =+SUMIFS(#REF!,#REF!,">0") -> #REF! | Z44: =+Y44+X44 -> #REF! | AC44: =+SUMIFS(C44:U44,C44:U44,"<0")/(AB44-AB41) -> #DIV/0! | AD44: =+SUMIFS(C44:U44,C44:U44,">0")/(AB44-AB41) -> #DIV/0! | AH44: =+AB44 -> 0 | AI44: =+AI43+AC44 -> #DIV/0! | AJ44: =+AJ43+AD44 -> #DIV/0! | AK44: =+AK43+AE44 -> 140755.76
W45: =+#REF! -> #REF! | X45: =+SUMIFS(#REF!,#REF!,"<0") -> #REF! | Y45: =+SUMIFS(#REF!,#REF!,">0") -> #REF! | Z45: =+Y45+X45 -> #REF! | AC45: =+SUMIFS(C45:U45,C45:U45,"<0")/(AB45-AB42) -> #DIV/0! | AD45: =+SUMIFS(C45:U45,C45:U45,">0")/(AB45-AB42) -> #DIV/0! | AH45: =+AB45 -> 0 | AI45: =+AI44+AC45 -> #DIV/0! | AJ45: =+AJ44+AD45 -> #DIV/0! | AK45: =+AK44+AE45 -> 140755.76
B46: 46068 | C46: =+SUMIFS(das_tank_inventories_daily!$M:$M,das_tank_inventories_daily!$C:$C,calculations!$B46,das_tank_inventories_daily!$H:$H,calculations!C$1) -> -4076.4584 | D46: =+SUMIFS(das_tank_inventories_daily!$M:$M,das_tank_inventories_daily!$C:$C,calculations!$B46,das_tank_inventories_daily!$H:$H,calculations!D$1) -> -5810.1519 | E46: =+SUMIFS(das_tank_inventories_daily!$M:$M,das_tank_inventories_daily!$C:$C,calculations!$B46,das_tank_inventories_daily!$H:$H,calculations!E$1) -> -163073.78 | F46: =+SUMIFS(das_tank_inventories_daily!$M:$M,das_tank_inventories_daily!$C:$C,calculations!$B46,das_tank_inventories_daily!$H:$H,calculations!F$1) -> 408.67028 | G46: =+SUMIFS(das_tank_inventories_daily!$M:$M,das_tank_inventories_daily!$C:$C,calculations!$B46,das_tank_inventories_daily!$H:$H,calculations!G$1) -> -11845.498 | H46: =+SUMIFS(das_tank_inventories_daily!$M:$M,das_tank_inventories_daily!$C:$C,calculations!$B46,das_tank_inventories_daily!$H:$H,calculations!H$1) -> 438823.5 | I46: =+SUMIFS(das_tank_inventories_daily!$M:$M,das_tank_inventories_daily!$C:$C,calculations!$B46,das_tank_inventories_daily!$H:$H,calculations!I$1) -> -293226.9 | J46: =+SUMIFS(das_tank_inventories_daily!$M:$M,das_tank_inventories_daily!$C:$C,calculations!$B46,das_tank_inventories_daily!$H:$H,calculations!J$1) -> 18737.939 | ... U46: =+SUMIFS(das_tank_inventories_daily!$M:$M,das_tank_inventories_daily!$C:$C,calculations!$B46,das_tank_inventories_daily!$H:$H,calculations!U$1) -> 403456.5 | W46: =+B46 -> 46068 | X46: =+SUMIFS(C46:U46,C46:U46,"<0") -> -1736408.9 | Y46: =+SUMIFS(C46:U46,C46:U46,"<0") -> -1736408.9 | Z46: =+Y46+X46 -> -3472817.8 | AB46: =+B46 -> 46068 | AC46: =+SUMIFS(C46:U46,C46:U46,"<0")/(AB46-AB43) -> -578802.96 | AD46: =+SUMIFS(C46:U46,C46:U46,">0")/(AB46-AB43) -> 590855.79 | AE46: =+AD46+AC46 -> 12052.829 | AH46: =+AB46 -> 46068 | AI46: =+AI45+AC46 -> #DIV/0! | AJ46: =+AJ45+AD46 -> #DIV/0! | AK46: =+AK45+AE46 -> 152808.58
W47: =+#REF! -> #REF! | X47: =+SUMIFS(#REF!,#REF!,"<0") -> #REF! | Y47: =+SUMIFS(#REF!,#REF!,">0") -> #REF! | Z47: =+Y47+X47 -> #REF! | AC47: =+SUMIFS(C47:U47,C47:U47,"<0")/(AB47-AB44) -> #DIV/0! | AD47: =+SUMIFS(C47:U47,C47:U47,">0")/(AB47-AB44) -> #DIV/0! | AH47: =+AB47 -> 0 | AI47: =+AI46+AC47 -> #DIV/0! | AJ47: =+AJ46+AD47 -> #DIV/0! | AK47: =+AK46+AE47 -> 152808.58
W48: =+#REF! -> #REF! | X48: =+SUMIFS(#REF!,#REF!,"<0") -> #REF! | Y48: =+SUMIFS(#REF!,#REF!,">0") -> #REF! | Z48: =+Y48+X48 -> #REF! | AC48: =+SUMIFS(C48:U48,C48:U48,"<0")/(AB48-AB45) -> #DIV/0! | AD48: =+SUMIFS(C48:U48,C48:U48,">0")/(AB48-AB45) -> #DIV/0! | AH48: =+AB48 -> 0 | AI48: =+AI47+AC48 -> #DIV/0! | AJ48: =+AJ47+AD48 -> #DIV/0! | AK48: =+AK47+AE48 -> 152808.58
B49: 46071 | C49: =+SUMIFS(das_tank_inventories_daily!$M:$M,das_tank_inventories_daily!$C:$C,calculations!$B49,das_tank_inventories_daily!$H:$H,calculations!C$1) -> 3119.8901 | D49: =+SUMIFS(das_tank_inventories_daily!$M:$M,das_tank_inventories_daily!$C:$C,calculations!$B49,das_tank_inventories_daily!$H:$H,calculations!D$1) -> 4790.7959 | E49: =+SUMIFS(das_tank_inventories_daily!$M:$M,das_tank_inventories_daily!$C:$C,calculations!$B49,das_tank_inventories_daily!$H:$H,calculations!E$1) -> 105600.61 | F49: =+SUMIFS(das_tank_inventories_daily!$M:$M,das_tank_inventories_daily!$C:$C,calculations!$B49,das_tank_inventories_daily!$H:$H,calculations!F$1) -> -79.984407 | G49: =+SUMIFS(das_tank_inventories_daily!$M:$M,das_tank_inventories_daily!$C:$C,calculations!$B49,das_tank_inventories_daily!$H:$H,calculations!G$1) -> 12349.977 | H49: =+SUMIFS(das_tank_inventories_daily!$M:$M,das_tank_inventories_daily!$C:$C,calculations!$B49,das_tank_inventories_daily!$H:$H,calculations!H$1) -> -425362.7 | I49: =+SUMIFS(das_tank_inventories_daily!$M:$M,das_tank_inventories_daily!$C:$C,calculations!$B49,das_tank_inventories_daily!$H:$H,calculations!I$1) -> 462826.91 | J49: =+SUMIFS(das_tank_inventories_daily!$M:$M,das_tank_inventories_daily!$C:$C,calculations!$B49,das_tank_inventories_daily!$H:$H,calculations!J$1) -> -335209.11 | ... U49: =+SUMIFS(das_tank_inventories_daily!$M:$M,das_tank_inventories_daily!$C:$C,calculations!$B49,das_tank_inventories_daily!$H:$H,calculations!U$1) -> -409347.3 | W49: =+B49 -> 46071 | X49: =+SUMIFS(C49:U49,C49:U49,"<0") -> -1772296.9 | Y49: =+SUMIFS(C49:U49,C49:U49,"<0") -> -1772296.9 | Z49: =+Y49+X49 -> -3544593.7 | AB49: =+B49 -> 46071 | AC49: =+SUMIFS(C49:U49,C49:U49,"<0")/(AB49-AB46) -> -590765.62 | AD49: =+SUMIFS(C49:U49,C49:U49,">0")/(AB49-AB46) -> 412661.43 | AE49: =+AD49+AC49 -> -178104.2 | AH49: =+AB49 -> 46071 | AI49: =+AI48+AC49 -> #DIV/0! | AJ49: =+AJ48+AD49 -> #DIV/0! | AK49: =+AK48+AE49 -> -25295.612
W50: =+#REF! -> #REF! | X50: =+SUMIFS(#REF!,#REF!,"<0") -> #REF! | Y50: =+SUMIFS(#REF!,#REF!,">0") -> #REF! | Z50: =+Y50+X50 -> #REF! | AC50: =+SUMIFS(C50:U50,C50:U50,"<0")/(AB50-AB47) -> #DIV/0! | AD50: =+SUMIFS(C50:U50,C50:U50,">0")/(AB50-AB47) -> #DIV/0! | AH50: =+AB50 -> 0 | AI50: =+AI49+AC50 -> #DIV/0! | AJ50: =+AJ49+AD50 -> #DIV/0! | AK50: =+AK49+AE50 -> -25295.612
W51: =+#REF! -> #REF! | X51: =+SUMIFS(#REF!,#REF!,"<0") -> #REF! | Y51: =+SUMIFS(#REF!,#REF!,">0") -> #REF! | Z51: =+Y51+X51 -> #REF! | AC51: =+SUMIFS(C51:U51,C51:U51,"<0")/(AB51-AB48) -> #DIV/0! | AD51: =+SUMIFS(C51:U51,C51:U51,">0")/(AB51-AB48) -> #DIV/0! | AH51: =+AB51 -> 0 | AI51: =+AI50+AC51 -> #DIV/0! | AJ51: =+AJ50+AD51 -> #DIV/0! | AK51: =+AK50+AE51 -> -25295.612
B52: 46074 | C52: =+SUMIFS(das_tank_inventories_daily!$M:$M,das_tank_inventories_daily!$C:$C,calculations!$B52,das_tank_inventories_daily!$H:$H,calculations!C$1) -> -2822.9698 | D52: =+SUMIFS(das_tank_inventories_daily!$M:$M,das_tank_inventories_daily!$C:$C,calculations!$B52,das_tank_inventories_daily!$H:$H,calculations!D$1) -> -8282.0566 | E52: =+SUMIFS(das_tank_inventories_daily!$M:$M,das_tank_inventories_daily!$C:$C,calculations!$B52,das_tank_inventories_daily!$H:$H,calculations!E$1) -> 321594.88 | F52: =+SUMIFS(das_tank_inventories_daily!$M:$M,das_tank_inventories_daily!$C:$C,calculations!$B52,das_tank_inventories_daily!$H:$H,calculations!F$1) -> -11280.688 | G52: =+SUMIFS(das_tank_inventories_daily!$M:$M,das_tank_inventories_daily!$C:$C,calculations!$B52,das_tank_inventories_daily!$H:$H,calculations!G$1) -> -13037.055 | H52: =+SUMIFS(das_tank_inventories_daily!$M:$M,das_tank_inventories_daily!$C:$C,calculations!$B52,das_tank_inventories_daily!$H:$H,calculations!H$1) -> 415226.08 | I52: =+SUMIFS(das_tank_inventories_daily!$M:$M,das_tank_inventories_daily!$C:$C,calculations!$B52,das_tank_inventories_daily!$H:$H,calculations!I$1) -> 40175.997 | J52: =+SUMIFS(das_tank_inventories_daily!$M:$M,das_tank_inventories_daily!$C:$C,calculations!$B52,das_tank_inventories_daily!$H:$H,calculations!J$1) -> 383376.23 | ... U52: =+SUMIFS(das_tank_inventories_daily!$M:$M,das_tank_inventories_daily!$C:$C,calculations!$B52,das_tank_inventories_daily!$H:$H,calculations!U$1) -> 373676.82 | W52: =+B52 -> 46074 | X52: =+SUMIFS(C52:U52,C52:U52,"<0") -> -1307205.7 | Y52: =+SUMIFS(C52:U52,C52:U52,"<0") -> -1307205.7 | Z52: =+Y52+X52 -> -2614411.4 | AB52: =+B52 -> 46074 | AC52: =+SUMIFS(C52:U52,C52:U52,"<0")/(AB52-AB49) -> -435735.23 | AD52: =+SUMIFS(C52:U52,C52:U52,">0")/(AB52-AB49) -> 768172.15 | AE52: =+AD52+AC52 -> 332436.92 | AH52: =+AB52 -> 46074 | AI52: =+AI51+AC52 -> #DIV/0! | AJ52: =+AJ51+AD52 -> #DIV/0! | AK52: =+AK51+AE52 -> 307141.31
W53: =+#REF! -> #REF! | X53: =+SUMIFS(#REF!,#REF!,"<0") -> #REF! | Y53: =+SUMIFS(#REF!,#REF!,">0") -> #REF! | Z53: =+Y53+X53 -> #REF! | AC53: =+SUMIFS(C53:U53,C53:U53,"<0")/(AB53-AB50) -> #DIV/0! | AD53: =+SUMIFS(C53:U53,C53:U53,">0")/(AB53-AB50) -> #DIV/0! | AH53: =+AB53 -> 0 | AI53: =+AI52+AC53 -> #DIV/0! | AJ53: =+AJ52+AD53 -> #DIV/0! | AK53: =+AK52+AE53 -> 307141.31
W54: =+#REF! -> #REF! | X54: =+SUMIFS(#REF!,#REF!,"<0") -> #REF! | Y54: =+SUMIFS(#REF!,#REF!,">0") -> #REF! | Z54: =+Y54+X54 -> #REF! | AC54: =+SUMIFS(C54:U54,C54:U54,"<0")/(AB54-AB51) -> #DIV/0! | AD54: =+SUMIFS(C54:U54,C54:U54,">0")/(AB54-AB51) -> #DIV/0! | AH54: =+AB54 -> 0 | AI54: =+AI53+AC54 -> #DIV/0! | AJ54: =+AJ53+AD54 -> #DIV/0! | AK54: =+AK53+AE54 -> 307141.31
B55: 46077 | C55: =+SUMIFS(das_tank_inventories_daily!$M:$M,das_tank_inventories_daily!$C:$C,calculations!$B55,das_tank_inventories_daily!$H:$H,calculations!C$1) -> 3464.7392 | D55: =+SUMIFS(das_tank_inventories_daily!$M:$M,das_tank_inventories_daily!$C:$C,calculations!$B55,das_tank_inventories_daily!$H:$H,calculations!D$1) -> 8493.4515 | E55: =+SUMIFS(das_tank_inventories_daily!$M:$M,das_tank_inventories_daily!$C:$C,calculations!$B55,das_tank_inventories_daily!$H:$H,calculations!E$1) -> -297285.53 | F55: =+SUMIFS(das_tank_inventories_daily!$M:$M,das_tank_inventories_daily!$C:$C,calculations!$B55,das_tank_inventories_daily!$H:$H,calculations!F$1) -> -88035.718 | G55: =+SUMIFS(das_tank_inventories_daily!$M:$M,das_tank_inventories_daily!$C:$C,calculations!$B55,das_tank_inventories_daily!$H:$H,calculations!G$1) -> 12471.041 | H55: =+SUMIFS(das_tank_inventories_daily!$M:$M,das_tank_inventories_daily!$C:$C,calculations!$B55,das_tank_inventories_daily!$H:$H,calculations!H$1) -> -18044.627 | I55: =+SUMIFS(das_tank_inventories_daily!$M:$M,das_tank_inventories_daily!$C:$C,calculations!$B55,das_tank_inventories_daily!$H:$H,calculations!I$1) -> -26343.072 | J55: =+SUMIFS(das_tank_inventories_daily!$M:$M,das_tank_inventories_daily!$C:$C,calculations!$B55,das_tank_inventories_daily!$H:$H,calculations!J$1) -> -383376.23 | ... U55: =+SUMIFS(das_tank_inventories_daily!$M:$M,das_tank_inventories_daily!$C:$C,calculations!$B55,das_tank_inventories_daily!$H:$H,calculations!U$1) -> -383844.53 | W55: =+B55 -> 46077 | X55: =+SUMIFS(C55:U55,C55:U55,"<0") -> -2171127.5 | Y55: =+SUMIFS(C55:U55,C55:U55,"<0") -> -2171127.5 | Z55: =+Y55+X55 -> -4342255 | AB55: =+B55 -> 46077 | AC55: =+SUMIFS(C55:U55,C55:U55,"<0")/(AB55-AB52) -> -723709.16 | AD55: =+SUMIFS(C55:U55,C55:U55,">0")/(AB55-AB52) -> 130718.2 | AE55: =+AD55+AC55 -> -592990.96 | AH55: =+AB55 -> 46077 | AI55: =+AI54+AC55 -> #DIV/0! | AJ55: =+AJ54+AD55 -> #DIV/0! | AK55: =+AK54+AE55 -> -285849.65
W56: =+#REF! -> #REF! | X56: =+SUMIFS(#REF!,#REF!,"<0") -> #REF! | Y56: =+SUMIFS(#REF!,#REF!,">0") -> #REF! | Z56: =+Y56+X56 -> #REF! | AC56: =+SUMIFS(C56:U56,C56:U56,"<0")/(AB56-AB53) -> #DIV/0! | AD56: =+SUMIFS(C56:U56,C56:U56,">0")/(AB56-AB53) -> #DIV/0! | AH56: =+AB56 -> 0 | AI56: =+AI55+AC56 -> #DIV/0! | AJ56: =+AJ55+AD56 -> #DIV/0! | AK56: =+AK55+AE56 -> -285849.65
W57: =+#REF! -> #REF! | X57: =+SUMIFS(#REF!,#REF!,"<0") -> #REF! | Y57: =+SUMIFS(#REF!,#REF!,">0") -> #REF! | Z57: =+Y57+X57 -> #REF! | AC57: =+SUMIFS(C57:U57,C57:U57,"<0")/(AB57-AB54) -> #DIV/0! | AD57: =+SUMIFS(C57:U57,C57:U57,">0")/(AB57-AB54) -> #DIV/0! | AH57: =+AB57 -> 0 | AI57: =+AI56+AC57 -> #DIV/0! | AJ57: =+AJ56+AD57 -> #DIV/0! | AK57: =+AK56+AE57 -> -285849.65
B58: 46080 | C58: =+SUMIFS(das_tank_inventories_daily!$M:$M,das_tank_inventories_daily!$C:$C,calculations!$B58,das_tank_inventories_daily!$H:$H,calculations!C$1) -> -2333.5151 | D58: =+SUMIFS(das_tank_inventories_daily!$M:$M,das_tank_inventories_daily!$C:$C,calculations!$B58,das_tank_inventories_daily!$H:$H,calculations!D$1) -> -7039.5966 | E58: =+SUMIFS(das_tank_inventories_daily!$M:$M,das_tank_inventories_daily!$C:$C,calculations!$B58,das_tank_inventories_daily!$H:$H,calculations!E$1) -> 302777.42 | F58: =+SUMIFS(das_tank_inventories_daily!$M:$M,das_tank_inventories_daily!$C:$C,calculations!$B58,das_tank_inventories_daily!$H:$H,calculations!F$1) -> -48239.153 | G58: =+SUMIFS(das_tank_inventories_daily!$M:$M,das_tank_inventories_daily!$C:$C,calculations!$B58,das_tank_inventories_daily!$H:$H,calculations!G$1) -> -4192.7019 | H58: =+SUMIFS(das_tank_inventories_daily!$M:$M,das_tank_inventories_daily!$C:$C,calculations!$B58,das_tank_inventories_daily!$H:$H,calculations!H$1) -> 35264.944 | I58: =+SUMIFS(das_tank_inventories_daily!$M:$M,das_tank_inventories_daily!$C:$C,calculations!$B58,das_tank_inventories_daily!$H:$H,calculations!I$1) -> -476659.84 | J58: =+SUMIFS(das_tank_inventories_daily!$M:$M,das_tank_inventories_daily!$C:$C,calculations!$B58,das_tank_inventories_daily!$H:$H,calculations!J$1) -> 228308.53 | ... U58: =+SUMIFS(das_tank_inventories_daily!$M:$M,das_tank_inventories_daily!$C:$C,calculations!$B58,das_tank_inventories_daily!$H:$H,calculations!U$1) -> 29807.446 | W58: =+B58 -> 46080 | X58: =+SUMIFS(C58:U58,C58:U58,"<0") -> -879146.06 | Y58: =+SUMIFS(C58:U58,C58:U58,"<0") -> -879146.06 | Z58: =+Y58+X58 -> -1758292.1 | AB58: =+B58 -> 46080 | AC58: =+SUMIFS(C58:U58,C58:U58,"<0")/(AB58-AB55) -> -293048.69 | AD58: =+SUMIFS(C58:U58,C58:U58,">0")/(AB58-AB55) -> 586407.25 | AE58: =+AD58+AC58 -> 293358.56 | AH58: =+AB58 -> 46080 | AI58: =+AI57+AC58 -> #DIV/0! | AJ58: =+AJ57+AD58 -> #DIV/0! | AK58: =+AK57+AE58 -> 7508.9133
W59: =+#REF! -> #REF! | X59: =+SUMIFS(#REF!,#REF!,"<0") -> #REF! | Y59: =+SUMIFS(#REF!,#REF!,">0") -> #REF! | Z59: =+Y59+X59 -> #REF! | AC59: =+SUMIFS(C59:U59,C59:U59,"<0")/(AB59-AB56) -> #DIV/0! | AD59: =+SUMIFS(C59:U59,C59:U59,">0")/(AB59-AB56) -> #DIV/0! | AH59: =+AB59 -> 0 | AI59: =+AI58+AC59 -> #DIV/0! | AJ59: =+AJ58+AD59 -> #DIV/0! | AK59: =+AK58+AE59 -> 7508.9133
W60: =+#REF! -> #REF! | X60: =+SUMIFS(#REF!,#REF!,"<0") -> #REF! | Y60: =+SUMIFS(#REF!,#REF!,">0") -> #REF! | Z60: =+Y60+X60 -> #REF! | AC60: =+SUMIFS(C60:U60,C60:U60,"<0")/(AB60-AB57) -> #DIV/0! | AD60: =+SUMIFS(C60:U60,C60:U60,">0")/(AB60-AB57) -> #DIV/0! | AH60: =+AB60 -> 0 | AI60: =+AI59+AC60 -> #DIV/0! | AJ60: =+AJ59+AD60 -> #DIV/0! | AK60: =+AK59+AE60 -> 7508.9133
B61: 46083 | C61: =+SUMIFS(das_tank_inventories_daily!$M:$M,das_tank_inventories_daily!$C:$C,calculations!$B61,das_tank_inventories_daily!$H:$H,calculations!C$1) -> 3778.1842 | D61: =+SUMIFS(das_tank_inventories_daily!$M:$M,das_tank_inventories_daily!$C:$C,calculations!$B61,das_tank_inventories_daily!$H:$H,calculations!D$1) -> 9418.1162 | E61: =+SUMIFS(das_tank_inventories_daily!$M:$M,das_tank_inventories_daily!$C:$C,calculations!$B61,das_tank_inventories_daily!$H:$H,calculations!E$1) -> -120629.73 | F61: =+SUMIFS(das_tank_inventories_daily!$M:$M,das_tank_inventories_daily!$C:$C,calculations!$B61,das_tank_inventories_daily!$H:$H,calculations!F$1) -> -82211.258 | G61: =+SUMIFS(das_tank_inventories_daily!$M:$M,das_tank_inventories_daily!$C:$C,calculations!$B61,das_tank_inventories_daily!$H:$H,calculations!G$1) -> 7482.9618 | H61: =+SUMIFS(das_tank_inventories_daily!$M:$M,das_tank_inventories_daily!$C:$C,calculations!$B61,das_tank_inventories_daily!$H:$H,calculations!H$1) -> -438334.01 | I61: =+SUMIFS(das_tank_inventories_daily!$M:$M,das_tank_inventories_daily!$C:$C,calculations!$B61,das_tank_inventories_daily!$H:$H,calculations!I$1) -> 129075.8 | J61: =+SUMIFS(das_tank_inventories_daily!$M:$M,das_tank_inventories_daily!$C:$C,calculations!$B61,das_tank_inventories_daily!$H:$H,calculations!J$1) -> -228308.53 | ... U61: =+SUMIFS(das_tank_inventories_daily!$M:$M,das_tank_inventories_daily!$C:$C,calculations!$B61,das_tank_inventories_daily!$H:$H,calculations!U$1) -> -16316.272 | W61: =+B61 -> 46083 | X61: =+SUMIFS(C61:U61,C61:U61,"<0") -> -1684625.2 | Y61: =+SUMIFS(C61:U61,C61:U61,"<0") -> -1684625.2 | Z61: =+Y61+X61 -> -3369250.5 | AB61: =+B61 -> 46083 | AC61: =+SUMIFS(C61:U61,C61:U61,"<0")/(AB61-AB58) -> -561541.74 | AD61: =+SUMIFS(C61:U61,C61:U61,">0")/(AB61-AB58) -> 530698.97 | AE61: =+AD61+AC61 -> -30842.772 | AH61: =+AB61 -> 46083 | AI61: =+AI60+AC61 -> #DIV/0! | AJ61: =+AJ60+AD61 -> #DIV/0! | AK61: =+AK60+AE61 -> -23333.859
W62: =+#REF! -> #REF! | X62: =+SUMIFS(#REF!,#REF!,"<0") -> #REF! | Y62: =+SUMIFS(#REF!,#REF!,">0") -> #REF! | Z62: =+Y62+X62 -> #REF! | AC62: =+SUMIFS(C62:U62,C62:U62,"<0")/(AB62-AB59) -> #DIV/0! | AD62: =+SUMIFS(C62:U62,C62:U62,">0")/(AB62-AB59) -> #DIV/0! | AH62: =+AB62 -> 0 | AI62: =+AI61+AC62 -> #DIV/0! | AJ62: =+AJ61+AD62 -> #DIV/0! | AK62: =+AK61+AE62 -> -23333.859
W63: =+#REF! -> #REF! | X63: =+SUMIFS(#REF!,#REF!,"<0") -> #REF! | Y63: =+SUMIFS(#REF!,#REF!,">0") -> #REF! | Z63: =+Y63+X63 -> #REF! | AC63: =+SUMIFS(C63:U63,C63:U63,"<0")/(AB63-AB60) -> #DIV/0! | AD63: =+SUMIFS(C63:U63,C63:U63,">0")/(AB63-AB60) -> #DIV/0! | AH63: =+AB63 -> 0 | AI63: =+AI62+AC63 -> #DIV/0! | AJ63: =+AJ62+AD63 -> #DIV/0! | AK63: =+AK62+AE63 -> -23333.859
B64: 46086 | C64: =+SUMIFS(das_tank_inventories_daily!$M:$M,das_tank_inventories_daily!$C:$C,calculations!$B64,das_tank_inventories_daily!$H:$H,calculations!C$1) -> -4991.7781 | D64: =+SUMIFS(das_tank_inventories_daily!$M:$M,das_tank_inventories_daily!$C:$C,calculations!$B64,das_tank_inventories_daily!$H:$H,calculations!D$1) -> -7101.6848 | E64: =+SUMIFS(das_tank_inventories_daily!$M:$M,das_tank_inventories_daily!$C:$C,calculations!$B64,das_tank_inventories_daily!$H:$H,calculations!E$1) -> 110852.26 | F64: =+SUMIFS(das_tank_inventories_daily!$M:$M,das_tank_inventories_daily!$C:$C,calculations!$B64,das_tank_inventories_daily!$H:$H,calculations!F$1) -> -50762.979 | G64: =+SUMIFS(das_tank_inventories_daily!$M:$M,das_tank_inventories_daily!$C:$C,calculations!$B64,das_tank_inventories_daily!$H:$H,calculations!G$1) -> -14456.595 | H64: =+SUMIFS(das_tank_inventories_daily!$M:$M,das_tank_inventories_daily!$C:$C,calculations!$B64,das_tank_inventories_daily!$H:$H,calculations!H$1) -> 180570.14 | I64: =+SUMIFS(das_tank_inventories_daily!$M:$M,das_tank_inventories_daily!$C:$C,calculations!$B64,das_tank_inventories_daily!$H:$H,calculations!I$1) -> -129075.8 | J64: =+SUMIFS(das_tank_inventories_daily!$M:$M,das_tank_inventories_daily!$C:$C,calculations!$B64,das_tank_inventories_daily!$H:$H,calculations!J$1) -> 399569.3 | ... U64: =+SUMIFS(das_tank_inventories_daily!$M:$M,das_tank_inventories_daily!$C:$C,calculations!$B64,das_tank_inventories_daily!$H:$H,calculations!U$1) -> 427203.35 | W64: =+B64 -> 46086 | X64: =+SUMIFS(C64:U64,C64:U64,"<0") -> -1293958.5 | Y64: =+SUMIFS(C64:U64,C64:U64,"<0") -> -1293958.5 | Z64: =+Y64+X64 -> -2587917 | AB64: =+B64 -> 46086 | AC64: =+SUMIFS(C64:U64,C64:U64,"<0")/(AB64-AB61) -> -431319.51 | AD64: =+SUMIFS(C64:U64,C64:U64,">0")/(AB64-AB61) -> 540301.48 | AE64: =+AD64+AC64 -> 108981.97 | AH64: =+AB64 -> 46086 | AI64: =+AI63+AC64 -> #DIV/0! | AJ64: =+AJ63+AD64 -> #DIV/0! | AK64: =+AK63+AE64 -> 85648.114
W65: =+#REF! -> #REF! | X65: =+SUMIFS(#REF!,#REF!,"<0") -> #REF! | Y65: =+SUMIFS(#REF!,#REF!,">0") -> #REF! | Z65: =+Y65+X65 -> #REF! | AC65: =+SUMIFS(C65:U65,C65:U65,"<0")/(AB65-AB62) -> #DIV/0! | AD65: =+SUMIFS(C65:U65,C65:U65,">0")/(AB65-AB62) -> #DIV/0! | AH65: =+AB65 -> 0 | AI65: =+AI64+AC65 -> #DIV/0! | AJ65: =+AJ64+AD65 -> #DIV/0! | AK65: =+AK64+AE65 -> 85648.114
W66: =+#REF! -> #REF! | X66: =+SUMIFS(#REF!,#REF!,"<0") -> #REF! | Y66: =+SUMIFS(#REF!,#REF!,">0") -> #REF! | Z66: =+Y66+X66 -> #REF! | AC66: =+SUMIFS(C66:U66,C66:U66,"<0")/(AB66-AB63) -> #DIV/0! | AD66: =+SUMIFS(C66:U66,C66:U66,">0")/(AB66-AB63) -> #DIV/0! | AH66: =+AB66 -> 0 | AI66: =+AI65+AC66 -> #DIV/0! | AJ66: =+AJ65+AD66 -> #DIV/0! | AK66: =+AK65+AE66 -> 85648.114
B67: 46089 | C67: =+SUMIFS(das_tank_inventories_daily!$M:$M,das_tank_inventories_daily!$C:$C,calculations!$B67,das_tank_inventories_daily!$H:$H,calculations!C$1) -> 6257.2853 | D67: =+SUMIFS(das_tank_inventories_daily!$M:$M,das_tank_inventories_daily!$C:$C,calculations!$B67,das_tank_inventories_daily!$H:$H,calculations!D$1) -> 5812.3607 | E67: =+SUMIFS(das_tank_inventories_daily!$M:$M,das_tank_inventories_daily!$C:$C,calculations!$B67,das_tank_inventories_daily!$H:$H,calculations!E$1) -> 26536.143 | F67: =+SUMIFS(das_tank_inventories_daily!$M:$M,das_tank_inventories_daily!$C:$C,calculations!$B67,das_tank_inventories_daily!$H:$H,calculations!F$1) -> -48313.284 | G67: =+SUMIFS(das_tank_inventories_daily!$M:$M,das_tank_inventories_daily!$C:$C,calculations!$B67,das_tank_inventories_daily!$H:$H,calculations!G$1) -> 12830.545 | H67: =+SUMIFS(das_tank_inventories_daily!$M:$M,das_tank_inventories_daily!$C:$C,calculations!$B67,das_tank_inventories_daily!$H:$H,calculations!H$1) -> 272363.13 | I67: =+SUMIFS(das_tank_inventories_daily!$M:$M,das_tank_inventories_daily!$C:$C,calculations!$B67,das_tank_inventories_daily!$H:$H,calculations!I$1) -> 280819.25 | J67: =+SUMIFS(das_tank_inventories_daily!$M:$M,das_tank_inventories_daily!$C:$C,calculations!$B67,das_tank_inventories_daily!$H:$H,calculations!J$1) -> -399569.3 | ... U67: =+SUMIFS(das_tank_inventories_daily!$M:$M,das_tank_inventories_daily!$C:$C,calculations!$B67,das_tank_inventories_daily!$H:$H,calculations!U$1) -> -116335.01 | W67: =+B67 -> 46089 | X67: =+SUMIFS(C67:U67,C67:U67,"<0") -> -1037593.5 | Y67: =+SUMIFS(C67:U67,C67:U67,"<0") -> -1037593.5 | Z67: =+Y67+X67 -> -2075187.1 | AB67: =+B67 -> 46089 | AC67: =+SUMIFS(C67:U67,C67:U67,"<0")/(AB67-AB64) -> -345864.52 | AD67: =+SUMIFS(C67:U67,C67:U67,">0")/(AB67-AB64) -> 689820.56 | AE67: =+AD67+AC67 -> 343956.04 | AH67: =+AB67 -> 46089 | AI67: =+AI66+AC67 -> #DIV/0! | AJ67: =+AJ66+AD67 -> #DIV/0! | AK67: =+AK66+AE67 -> 429604.16
W68: =+#REF! -> #REF! | X68: =+SUMIFS(#REF!,#REF!,"<0") -> #REF! | Y68: =+SUMIFS(#REF!,#REF!,">0") -> #REF! | Z68: =+Y68+X68 -> #REF! | AC68: =+SUMIFS(C68:U68,C68:U68,"<0")/(AB68-AB65) -> #DIV/0! | AD68: =+SUMIFS(C68:U68,C68:U68,">0")/(AB68-AB65) -> #DIV/0! | AH68: =+AB68 -> 0 | AI68: =+AI67+AC68 -> #DIV/0! | AJ68: =+AJ67+AD68 -> #DIV/0! | AK68: =+AK67+AE68 -> 429604.16
W69: =+#REF! -> #REF! | X69: =+SUMIFS(#REF!,#REF!,"<0") -> #REF! | Y69: =+SUMIFS(#REF!,#REF!,">0") -> #REF! | Z69: =+Y69+X69 -> #REF! | AC69: =+SUMIFS(C69:U69,C69:U69,"<0")/(AB69-AB66) -> #DIV/0! | AD69: =+SUMIFS(C69:U69,C69:U69,">0")/(AB69-AB66) -> #DIV/0! | AH69: =+AB69 -> 0 | AI69: =+AI68+AC69 -> #DIV/0! | AJ69: =+AJ68+AD69 -> #DIV/0! | AK69: =+AK68+AE69 -> 429604.16
B70: 46092 | C70: =+SUMIFS(das_tank_inventories_daily!$M:$M,das_tank_inventories_daily!$C:$C,calculations!$B70,das_tank_inventories_daily!$H:$H,calculations!C$1) -> -4763.3995 | D70: =+SUMIFS(das_tank_inventories_daily!$M:$M,das_tank_inventories_daily!$C:$C,calculations!$B70,das_tank_inventories_daily!$H:$H,calculations!D$1) -> -6091.3924 | E70: =+SUMIFS(das_tank_inventories_daily!$M:$M,das_tank_inventories_daily!$C:$C,calculations!$B70,das_tank_inventories_daily!$H:$H,calculations!E$1) -> -16577.972 | F70: =+SUMIFS(das_tank_inventories_daily!$M:$M,das_tank_inventories_daily!$C:$C,calculations!$B70,das_tank_inventories_daily!$H:$H,calculations!F$1) -> -41517.912 | G70: =+SUMIFS(das_tank_inventories_daily!$M:$M,das_tank_inventories_daily!$C:$C,calculations!$B70,das_tank_inventories_daily!$H:$H,calculations!G$1) -> -14376.66 | H70: =+SUMIFS(das_tank_inventories_daily!$M:$M,das_tank_inventories_daily!$C:$C,calculations!$B70,das_tank_inventories_daily!$H:$H,calculations!H$1) -> 5191.4049 | I70: =+SUMIFS(das_tank_inventories_daily!$M:$M,das_tank_inventories_daily!$C:$C,calculations!$B70,das_tank_inventories_daily!$H:$H,calculations!I$1) -> -280819.25 | J70: =+SUMIFS(das_tank_inventories_daily!$M:$M,das_tank_inventories_daily!$C:$C,calculations!$B70,das_tank_inventories_daily!$H:$H,calculations!J$1) -> 0 | ... U70: =+SUMIFS(das_tank_inventories_daily!$M:$M,das_tank_inventories_daily!$C:$C,calculations!$B70,das_tank_inventories_daily!$H:$H,calculations!U$1) -> -3957.3026 | W70: =+B70 -> 46092 | X70: =+SUMIFS(C70:U70,C70:U70,"<0") -> -411364.21 | Y70: =+SUMIFS(C70:U70,C70:U70,"<0") -> -411364.21 | Z70: =+Y70+X70 -> -822728.43 | AB70: =+B70 -> 46092 | AC70: =+SUMIFS(C70:U70,C70:U70,"<0")/(AB70-AB67) -> -137121.4 | AD70: =+SUMIFS(C70:U70,C70:U70,">0")/(AB70-AB67) -> 165979.82 | AE70: =+AD70+AC70 -> 28858.412 | AH70: =+AB70 -> 46092 | AI70: =+AI69+AC70 -> #DIV/0! | AJ70: =+AJ69+AD70 -> #DIV/0! | AK70: =+AK69+AE70 -> 458462.57
W71: =+#REF! -> #REF! | X71: =+SUMIFS(#REF!,#REF!,"<0") -> #REF! | Y71: =+SUMIFS(#REF!,#REF!,">0") -> #REF! | Z71: =+Y71+X71 -> #REF! | AC71: =+SUMIFS(C71:U71,C71:U71,"<0")/(AB71-AB68) -> #DIV/0! | AD71: =+SUMIFS(C71:U71,C71:U71,">0")/(AB71-AB68) -> #DIV/0! | AH71: =+AB71 -> 0 | AI71: =+AI70+AC71 -> #DIV/0! | AJ71: =+AJ70+AD71 -> #DIV/0! | AK71: =+AK70+AE71 -> 458462.57
W72: =+#REF! -> #REF! | X72: =+SUMIFS(#REF!,#REF!,"<0") -> #REF! | Y72: =+SUMIFS(#REF!,#REF!,">0") -> #REF! | Z72: =+Y72+X72 -> #REF! | AC72: =+SUMIFS(C72:U72,C72:U72,"<0")/(AB72-AB69) -> #DIV/0! | AD72: =+SUMIFS(C72:U72,C72:U72,">0")/(AB72-AB69) -> #DIV/0! | AH72: =+AB72 -> 0 | AI72: =+AI71+AC72 -> #DIV/0! | AJ72: =+AJ71+AD72 -> #DIV/0! | AK72: =+AK71+AE72 -> 458462.57
B73: 46095 | C73: =+SUMIFS(das_tank_inventories_daily!$M:$M,das_tank_inventories_daily!$C:$C,calculations!$B73,das_tank_inventories_daily!$H:$H,calculations!C$1) -> 3083.6904 | D73: =+SUMIFS(das_tank_inventories_daily!$M:$M,das_tank_inventories_daily!$C:$C,calculations!$B73,das_tank_inventories_daily!$H:$H,calculations!D$1) -> 5662.0056 | E73: =+SUMIFS(das_tank_inventories_daily!$M:$M,das_tank_inventories_daily!$C:$C,calculations!$B73,das_tank_inventories_daily!$H:$H,calculations!E$1) -> 17393.146 | F73: =+SUMIFS(das_tank_inventories_daily!$M:$M,das_tank_inventories_daily!$C:$C,calculations!$B73,das_tank_inventories_daily!$H:$H,calculations!F$1) -> -17134.117 | G73: =+SUMIFS(das_tank_inventories_daily!$M:$M,das_tank_inventories_daily!$C:$C,calculations!$B73,das_tank_inventories_daily!$H:$H,calculations!G$1) -> 12977.962 | H73: =+SUMIFS(das_tank_inventories_daily!$M:$M,das_tank_inventories_daily!$C:$C,calculations!$B73,das_tank_inventories_daily!$H:$H,calculations!H$1) -> -8387.1949 | I73: =+SUMIFS(das_tank_inventories_daily!$M:$M,das_tank_inventories_daily!$C:$C,calculations!$B73,das_tank_inventories_daily!$H:$H,calculations!I$1) -> 450447.97 | J73: =+SUMIFS(das_tank_inventories_daily!$M:$M,das_tank_inventories_daily!$C:$C,calculations!$B73,das_tank_inventories_daily!$H:$H,calculations!J$1) -> 421092.46 | ... U73: =+SUMIFS(das_tank_inventories_daily!$M:$M,das_tank_inventories_daily!$C:$C,calculations!$B73,das_tank_inventories_daily!$H:$H,calculations!U$1) -> 10888.684 | W73: =+B73 -> 46095 | X73: =+SUMIFS(C73:U73,C73:U73,"<0") -> -523580 | Y73: =+SUMIFS(C73:U73,C73:U73,"<0") -> -523580 | Z73: =+Y73+X73 -> -1047160 | AB73: =+B73 -> 46095 | AC73: =+SUMIFS(C73:U73,C73:U73,"<0")/(AB73-AB70) -> -174526.67 | AD73: =+SUMIFS(C73:U73,C73:U73,">0")/(AB73-AB70) -> 342628.12 | AE73: =+AD73+AC73 -> 168101.45 | AH73: =+AB73 -> 46095 | AI73: =+AI72+AC73 -> #DIV/0! | AJ73: =+AJ72+AD73 -> #DIV/0! | AK73: =+AK72+AE73 -> 626564.02
W74: =+#REF! -> #REF! | X74: =+SUMIFS(#REF!,#REF!,"<0") -> #REF! | Y74: =+SUMIFS(#REF!,#REF!,">0") -> #REF! | Z74: =+Y74+X74 -> #REF! | AC74: =+SUMIFS(C74:U74,C74:U74,"<0")/(AB74-AB71) -> #DIV/0! | AD74: =+SUMIFS(C74:U74,C74:U74,">0")/(AB74-AB71) -> #DIV/0! | AH74: =+AB74 -> 0 | AI74: =+AI73+AC74 -> #DIV/0! | AJ74: =+AJ73+AD74 -> #DIV/0! | AK74: =+AK73+AE74 -> 626564.02
W75: =+#REF! -> #REF! | X75: =+SUMIFS(#REF!,#REF!,"<0") -> #REF! | Y75: =+SUMIFS(#REF!,#REF!,">0") -> #REF! | Z75: =+Y75+X75 -> #REF! | AC75: =+SUMIFS(C75:U75,C75:U75,"<0")/(AB75-AB72) -> #DIV/0! | AD75: =+SUMIFS(C75:U75,C75:U75,">0")/(AB75-AB72) -> #DIV/0! | AH75: =+AB75 -> 0 | AI75: =+AI74+AC75 -> #DIV/0! | AJ75: =+AJ74+AD75 -> #DIV/0! | AK75: =+AK74+AE75 -> 626564.02
B76: 46098 | C76: =+SUMIFS(das_tank_inventories_daily!$M:$M,das_tank_inventories_daily!$C:$C,calculations!$B76,das_tank_inventories_daily!$H:$H,calculations!C$1) -> -2865.0389 | D76: =+SUMIFS(das_tank_inventories_daily!$M:$M,das_tank_inventories_daily!$C:$C,calculations!$B76,das_tank_inventories_daily!$H:$H,calculations!D$1) -> -5084.0178 | E76: =+SUMIFS(das_tank_inventories_daily!$M:$M,das_tank_inventories_daily!$C:$C,calculations!$B76,das_tank_inventories_daily!$H:$H,calculations!E$1) -> -23152.134 | F76: =+SUMIFS(das_tank_inventories_daily!$M:$M,das_tank_inventories_daily!$C:$C,calculations!$B76,das_tank_inventories_daily!$H:$H,calculations!F$1) -> 393412.59 | G76: =+SUMIFS(das_tank_inventories_daily!$M:$M,das_tank_inventories_daily!$C:$C,calculations!$B76,das_tank_inventories_daily!$H:$H,calculations!G$1) -> -13208.131 | H76: =+SUMIFS(das_tank_inventories_daily!$M:$M,das_tank_inventories_daily!$C:$C,calculations!$B76,das_tank_inventories_daily!$H:$H,calculations!H$1) -> 3095.1782 | I76: =+SUMIFS(das_tank_inventories_daily!$M:$M,das_tank_inventories_daily!$C:$C,calculations!$B76,das_tank_inventories_daily!$H:$H,calculations!I$1) -> 68732.172 | J76: =+SUMIFS(das_tank_inventories_daily!$M:$M,das_tank_inventories_daily!$C:$C,calculations!$B76,das_tank_inventories_daily!$H:$H,calculations!J$1) -> -23045.005 | ... U76: =+SUMIFS(das_tank_inventories_daily!$M:$M,das_tank_inventories_daily!$C:$C,calculations!$B76,das_tank_inventories_daily!$H:$H,calculations!U$1) -> 89936.778 | W76: =+B76 -> 46098 | X76: =+SUMIFS(C76:U76,C76:U76,"<0") -> -210114.09 | Y76: =+SUMIFS(C76:U76,C76:U76,"<0") -> -210114.09 | Z76: =+Y76+X76 -> -420228.18 | AB76: =+B76 -> 46098 | AC76: =+SUMIFS(C76:U76,C76:U76,"<0")/(AB76-AB73) -> -70038.03 | AD76: =+SUMIFS(C76:U76,C76:U76,">0")/(AB76-AB73) -> 350219.52 | AE76: =+AD76+AC76 -> 280181.49 | AH76: =+AB76 -> 46098 | AI76: =+AI75+AC76 -> #DIV/0! | AJ76: =+AJ75+AD76 -> #DIV/0! | AK76: =+AK75+AE76 -> 906745.51
W77: =+#REF! -> #REF! | X77: =+SUMIFS(#REF!,#REF!,"<0") -> #REF! | Y77: =+SUMIFS(#REF!,#REF!,">0") -> #REF! | Z77: =+Y77+X77 -> #REF! | AC77: =+SUMIFS(C77:U77,C77:U77,"<0")/(AB77-AB74) -> #DIV/0! | AD77: =+SUMIFS(C77:U77,C77:U77,">0")/(AB77-AB74) -> #DIV/0! | AH77: =+AB77 -> 0 | AI77: =+AI76+AC77 -> #DIV/0! | AJ77: =+AJ76+AD77 -> #DIV/0! | AK77: =+AK76+AE77 -> 906745.51
W78: =+#REF! -> #REF! | X78: =+SUMIFS(#REF!,#REF!,"<0") -> #REF! | Y78: =+SUMIFS(#REF!,#REF!,">0") -> #REF! | Z78: =+Y78+X78 -> #REF! | AC78: =+SUMIFS(C78:U78,C78:U78,"<0")/(AB78-AB75) -> #DIV/0! | AD78: =+SUMIFS(C78:U78,C78:U78,">0")/(AB78-AB75) -> #DIV/0! | AH78: =+AB78 -> 0 | AI78: =+AI77+AC78 -> #DIV/0! | AJ78: =+AJ77+AD78 -> #DIV/0! | AK78: =+AK77+AE78 -> 906745.51
B79: 46101 | C79: =+SUMIFS(das_tank_inventories_daily!$M:$M,das_tank_inventories_daily!$C:$C,calculations!$B79,das_tank_inventories_daily!$H:$H,calculations!C$1) -> 2056.59 | D79: =+SUMIFS(das_tank_inventories_daily!$M:$M,das_tank_inventories_daily!$C:$C,calculations!$B79,das_tank_inventories_daily!$H:$H,calculations!D$1) -> 4496.2642 | E79: =+SUMIFS(das_tank_inventories_daily!$M:$M,das_tank_inventories_daily!$C:$C,calculations!$B79,das_tank_inventories_daily!$H:$H,calculations!E$1) -> 20728.181 | F79: =+SUMIFS(das_tank_inventories_daily!$M:$M,das_tank_inventories_daily!$C:$C,calculations!$B79,das_tank_inventories_daily!$H:$H,calculations!F$1) -> 0 | G79: =+SUMIFS(das_tank_inventories_daily!$M:$M,das_tank_inventories_daily!$C:$C,calculations!$B79,das_tank_inventories_daily!$H:$H,calculations!G$1) -> 14244.307 | H79: =+SUMIFS(das_tank_inventories_daily!$M:$M,das_tank_inventories_daily!$C:$C,calculations!$B79,das_tank_inventories_daily!$H:$H,calculations!H$1) -> 7422.2487 | I79: =+SUMIFS(das_tank_inventories_daily!$M:$M,das_tank_inventories_daily!$C:$C,calculations!$B79,das_tank_inventories_daily!$H:$H,calculations!I$1) -> 3505.1737 | J79: =+SUMIFS(das_tank_inventories_daily!$M:$M,das_tank_inventories_daily!$C:$C,calculations!$B79,das_tank_inventories_daily!$H:$H,calculations!J$1) -> 24119.522 | ... U79: =+SUMIFS(das_tank_inventories_daily!$M:$M,das_tank_inventories_daily!$C:$C,calculations!$B79,das_tank_inventories_daily!$H:$H,calculations!U$1) -> -78543.791 | W79: =+B79 -> 46101 | X79: =+SUMIFS(C79:U79,C79:U79,"<0") -> -623334.21 | Y79: =+SUMIFS(C79:U79,C79:U79,"<0") -> -623334.21 | Z79: =+Y79+X79 -> -1246668.4 | AB79: =+B79 -> 46101 | AC79: =+SUMIFS(C79:U79,C79:U79,"<0")/(AB79-AB76) -> -207778.07 | AD79: =+SUMIFS(C79:U79,C79:U79,">0")/(AB79-AB76) -> 56149.166 | AE79: =+AD79+AC79 -> -151628.9 | AH79: =+AB79 -> 46101 | AI79: =+AI78+AC79 -> #DIV/0! | AJ79: =+AJ78+AD79 -> #DIV/0! | AK79: =+AK78+AE79 -> 755116.6
AC80: =+SUMIFS(C80:U80,C80:U80,"<0")/(AB80-AB77) -> #DIV/0! | AD80: =+SUMIFS(C80:U80,C80:U80,">0")/(AB80-AB77) -> #DIV/0! | AH80: =+AB80 -> 0 | AI80: =+AI79+AC80 -> #DIV/0! | AJ80: =+AJ79+AD80 -> #DIV/0! | AK80: =+AK79+AE80 -> 755116.6
AC81: =+SUMIFS(C81:U81,C81:U81,"<0")/(AB81-AB78) -> #DIV/0! | AD81: =+SUMIFS(C81:U81,C81:U81,">0")/(AB81-AB78) -> #DIV/0! | AH81: =+AB81 -> 0 | AI81: =+AI80+AC81 -> #DIV/0! | AJ81: =+AJ80+AD81 -> #DIV/0! | AK81: =+AK80+AE81 -> 755116.6
B82: 46104 | C82: =+SUMIFS(das_tank_inventories_daily!$M:$M,das_tank_inventories_daily!$C:$C,calculations!$B82,das_tank_inventories_daily!$H:$H,calculations!C$1) -> -1627.7583 | D82: =+SUMIFS(das_tank_inventories_daily!$M:$M,das_tank_inventories_daily!$C:$C,calculations!$B82,das_tank_inventories_daily!$H:$H,calculations!D$1) -> -6170.3588 | E82: =+SUMIFS(das_tank_inventories_daily!$M:$M,das_tank_inventories_daily!$C:$C,calculations!$B82,das_tank_inventories_daily!$H:$H,calculations!E$1) -> -14285.951 | F82: =+SUMIFS(das_tank_inventories_daily!$M:$M,das_tank_inventories_daily!$C:$C,calculations!$B82,das_tank_inventories_daily!$H:$H,calculations!F$1) -> 0 | G82: =+SUMIFS(das_tank_inventories_daily!$M:$M,das_tank_inventories_daily!$C:$C,calculations!$B82,das_tank_inventories_daily!$H:$H,calculations!G$1) -> -6818.8338 | H82: =+SUMIFS(das_tank_inventories_daily!$M:$M,das_tank_inventories_daily!$C:$C,calculations!$B82,das_tank_inventories_daily!$H:$H,calculations!H$1) -> -5019.1043 | I82: =+SUMIFS(das_tank_inventories_daily!$M:$M,das_tank_inventories_daily!$C:$C,calculations!$B82,das_tank_inventories_daily!$H:$H,calculations!I$1) -> 4719.2827 | J82: =+SUMIFS(das_tank_inventories_daily!$M:$M,das_tank_inventories_daily!$C:$C,calculations!$B82,das_tank_inventories_daily!$H:$H,calculations!J$1) -> -24073.184 | ... U82: =+SUMIFS(das_tank_inventories_daily!$M:$M,das_tank_inventories_daily!$C:$C,calculations!$B82,das_tank_inventories_daily!$H:$H,calculations!U$1) -> -17021.187 | W82: =+B82 -> 46104 | X82: =+SUMIFS(C82:U82,C82:U82,"<0") -> -826200.06 | Y82: =+SUMIFS(C82:U82,C82:U82,"<0") -> -826200.06 | Z82: =+Y82+X82 -> -1652400.1 | AB82: =+B82 -> 46104 | AC82: =+SUMIFS(C82:U82,C82:U82,"<0")/(AB82-AB79) -> -275400.02 | AD82: =+SUMIFS(C82:U82,C82:U82,">0")/(AB82-AB79) -> 166131.2 | AE82: =+AD82+AC82 -> -109268.82 | AH82: =+AB82 -> 46104 | AI82: =+AI81+AC82 -> #DIV/0! | AJ82: =+AJ81+AD82 -> #DIV/0! | AK82: =+AK81+AE82 -> 645847.78
AC83: =+SUMIFS(C83:U83,C83:U83,"<0")/(AB83-AB80) -> #DIV/0! | AD83: =+SUMIFS(C83:U83,C83:U83,">0")/(AB83-AB80) -> #DIV/0! | AH83: =+AB83 -> 0 | AI83: =+AI82+AC83 -> #DIV/0! | AJ83: =+AJ82+AD83 -> #DIV/0! | AK83: =+AK82+AE83 -> 645847.78
AC84: =+SUMIFS(C84:U84,C84:U84,"<0")/(AB84-AB81) -> #DIV/0! | AD84: =+SUMIFS(C84:U84,C84:U84,">0")/(AB84-AB81) -> #DIV/0! | AH84: =+AB84 -> 0 | AI84: =+AI83+AC84 -> #DIV/0! | AJ84: =+AJ83+AD84 -> #DIV/0! | AK84: =+AK83+AE84 -> 645847.78
B85: 46107 | C85: =+SUMIFS(das_tank_inventories_daily!$M:$M,das_tank_inventories_daily!$C:$C,calculations!$B85,das_tank_inventories_daily!$H:$H,calculations!C$1) -> 1604.8534 | D85: =+SUMIFS(das_tank_inventories_daily!$M:$M,das_tank_inventories_daily!$C:$C,calculations!$B85,das_tank_inventories_daily!$H:$H,calculations!D$1) -> 5352.0713 | E85: =+SUMIFS(das_tank_inventories_daily!$M:$M,das_tank_inventories_daily!$C:$C,calculations!$B85,das_tank_inventories_daily!$H:$H,calculations!E$1) -> -16914.324 | F85: =+SUMIFS(das_tank_inventories_daily!$M:$M,das_tank_inventories_daily!$C:$C,calculations!$B85,das_tank_inventories_daily!$H:$H,calculations!F$1) -> -486114.54 | G85: =+SUMIFS(das_tank_inventories_daily!$M:$M,das_tank_inventories_daily!$C:$C,calculations!$B85,das_tank_inventories_daily!$H:$H,calculations!G$1) -> 4902.7726 | H85: =+SUMIFS(das_tank_inventories_daily!$M:$M,das_tank_inventories_daily!$C:$C,calculations!$B85,das_tank_inventories_daily!$H:$H,calculations!H$1) -> 5496.8178 | I85: =+SUMIFS(das_tank_inventories_daily!$M:$M,das_tank_inventories_daily!$C:$C,calculations!$B85,das_tank_inventories_daily!$H:$H,calculations!I$1) -> -17234.125 | J85: =+SUMIFS(das_tank_inventories_daily!$M:$M,das_tank_inventories_daily!$C:$C,calculations!$B85,das_tank_inventories_daily!$H:$H,calculations!J$1) -> 15683.049 | ... U85: =+SUMIFS(das_tank_inventories_daily!$M:$M,das_tank_inventories_daily!$C:$C,calculations!$B85,das_tank_inventories_daily!$H:$H,calculations!U$1) -> 21489.945 | W85: =+B85 -> 46107 | X85: =+SUMIFS(C85:U85,C85:U85,"<0") -> -588729.93 | Y85: =+SUMIFS(C85:U85,C85:U85,"<0") -> -588729.93 | Z85: =+Y85+X85 -> -1177459.9 | AB85: =+B85 -> 46107 | AC85: =+SUMIFS(C85:U85,C85:U85,"<0")/(AB85-AB82) -> -196243.31 | AD85: =+SUMIFS(C85:U85,C85:U85,">0")/(AB85-AB82) -> 237517.46 | AE85: =+AD85+AC85 -> 41274.146 | AH85: =+AB85 -> 46107 | AI85: =+AI84+AC85 -> #DIV/0! | AJ85: =+AJ84+AD85 -> #DIV/0! | AK85: =+AK84+AE85 -> 687121.93
AC86: =+SUMIFS(C86:U86,C86:U86,"<0")/(AB86-AB83) -> #DIV/0! | AD86: =+SUMIFS(C86:U86,C86:U86,">0")/(AB86-AB83) -> #DIV/0! | AH86: =+AB86 -> 0 | AI86: =+AI85+AC86 -> #DIV/0! | AJ86: =+AJ85+AD86 -> #DIV/0! | AK86: =+AK85+AE86 -> 687121.93
AC87: =+SUMIFS(C87:U87,C87:U87,"<0")/(AB87-AB84) -> #DIV/0! | AD87: =+SUMIFS(C87:U87,C87:U87,">0")/(AB87-AB84) -> #DIV/0! | AH87: =+AB87 -> 0 | AI87: =+AI86+AC87 -> #DIV/0! | AJ87: =+AJ86+AD87 -> #DIV/0! | AK87: =+AK86+AE87 -> 687121.93
B88: 46110 | C88: =+SUMIFS(das_tank_inventories_daily!$M:$M,das_tank_inventories_daily!$C:$C,calculations!$B88,das_tank_inventories_daily!$H:$H,calculations!C$1) -> -107.47294 | D88: =+SUMIFS(das_tank_inventories_daily!$M:$M,das_tank_inventories_daily!$C:$C,calculations!$B88,das_tank_inventories_daily!$H:$H,calculations!D$1) -> -4266.5959 | E88: =+SUMIFS(das_tank_inventories_daily!$M:$M,das_tank_inventories_daily!$C:$C,calculations!$B88,das_tank_inventories_daily!$H:$H,calculations!E$1) -> -260419.36 | F88: =+SUMIFS(das_tank_inventories_daily!$M:$M,das_tank_inventories_daily!$C:$C,calculations!$B88,das_tank_inventories_daily!$H:$H,calculations!F$1) -> 486114.54 | G88: =+SUMIFS(das_tank_inventories_daily!$M:$M,das_tank_inventories_daily!$C:$C,calculations!$B88,das_tank_inventories_daily!$H:$H,calculations!G$1) -> -8242.9594 | H88: =+SUMIFS(das_tank_inventories_daily!$M:$M,das_tank_inventories_daily!$C:$C,calculations!$B88,das_tank_inventories_daily!$H:$H,calculations!H$1) -> -4615.1133 | I88: =+SUMIFS(das_tank_inventories_daily!$M:$M,das_tank_inventories_daily!$C:$C,calculations!$B88,das_tank_inventories_daily!$H:$H,calculations!I$1) -> 5772.9965 | J88: =+SUMIFS(das_tank_inventories_daily!$M:$M,das_tank_inventories_daily!$C:$C,calculations!$B88,das_tank_inventories_daily!$H:$H,calculations!J$1) -> -14853.09 | ... U88: =+SUMIFS(das_tank_inventories_daily!$M:$M,das_tank_inventories_daily!$C:$C,calculations!$B88,das_tank_inventories_daily!$H:$H,calculations!U$1) -> -26428.742 | W88: =+B88 -> 46110 | X88: =+SUMIFS(C88:U88,C88:U88,"<0") -> -504074.39 | Y88: =+SUMIFS(C88:U88,C88:U88,"<0") -> -504074.39 | Z88: =+Y88+X88 -> -1008148.8 | AB88: =+B88 -> 46110 | AC88: =+SUMIFS(C88:U88,C88:U88,"<0")/(AB88-AB85) -> -168024.8 | AD88: =+SUMIFS(C88:U88,C88:U88,">0")/(AB88-AB85) -> 183021.22 | AE88: =+AD88+AC88 -> 14996.421 | AH88: =+AB88 -> 46110 | AI88: =+AI87+AC88 -> #DIV/0! | AJ88: =+AJ87+AD88 -> #DIV/0! | AK88: =+AK87+AE88 -> 702118.35
AC89: =+SUMIFS(C89:U89,C89:U89,"<0")/(AB89-AB86) -> #DIV/0! | AD89: =+SUMIFS(C89:U89,C89:U89,">0")/(AB89-AB86) -> #DIV/0! | AH89: =+AB89 -> 0 | AI89: =+AI88+AC89 -> #DIV/0! | AJ89: =+AJ88+AD89 -> #DIV/0! | AK89: =+AK88+AE89 -> 702118.35
AC90: =+SUMIFS(C90:U90,C90:U90,"<0")/(AB90-AB87) -> #DIV/0! | AD90: =+SUMIFS(C90:U90,C90:U90,">0")/(AB90-AB87) -> #DIV/0! | AH90: =+AB90 -> 0 | AI90: =+AI89+AC90 -> #DIV/0! | AJ90: =+AJ89+AD90 -> #DIV/0! | AK90: =+AK89+AE90 -> 702118.35
B91: 46113 | C91: =+SUMIFS(das_tank_inventories_daily!$M:$M,das_tank_inventories_daily!$C:$C,calculations!$B91,das_tank_inventories_daily!$H:$H,calculations!C$1) -> 440.64024 | D91: =+SUMIFS(das_tank_inventories_daily!$M:$M,das_tank_inventories_daily!$C:$C,calculations!$B91,das_tank_inventories_daily!$H:$H,calculations!D$1) -> 3538.1373 | E91: =+SUMIFS(das_tank_inventories_daily!$M:$M,das_tank_inventories_daily!$C:$C,calculations!$B91,das_tank_inventories_daily!$H:$H,calculations!E$1) -> -156217.63 | F91: =+SUMIFS(das_tank_inventories_daily!$M:$M,das_tank_inventories_daily!$C:$C,calculations!$B91,das_tank_inventories_daily!$H:$H,calculations!F$1) -> 0 | G91: =+SUMIFS(das_tank_inventories_daily!$M:$M,das_tank_inventories_daily!$C:$C,calculations!$B91,das_tank_inventories_daily!$H:$H,calculations!G$1) -> 16997.548 | H91: =+SUMIFS(das_tank_inventories_daily!$M:$M,das_tank_inventories_daily!$C:$C,calculations!$B91,das_tank_inventories_daily!$H:$H,calculations!H$1) -> -42029.346 | I91: =+SUMIFS(das_tank_inventories_daily!$M:$M,das_tank_inventories_daily!$C:$C,calculations!$B91,das_tank_inventories_daily!$H:$H,calculations!I$1) -> -5758.182 | J91: =+SUMIFS(das_tank_inventories_daily!$M:$M,das_tank_inventories_daily!$C:$C,calculations!$B91,das_tank_inventories_daily!$H:$H,calculations!J$1) -> 27341.577 | ... U91: =+SUMIFS(das_tank_inventories_daily!$M:$M,das_tank_inventories_daily!$C:$C,calculations!$B91,das_tank_inventories_daily!$H:$H,calculations!U$1) -> -250399.99 | W91: =+B91 -> 46113 | X91: =+SUMIFS(C91:U91,C91:U91,"<0") -> -994209.46 | Y91: =+SUMIFS(C91:U91,C91:U91,"<0") -> -994209.46 | Z91: =+Y91+X91 -> -1988418.9 | AB91: =+B91 -> 46113 | AC91: =+SUMIFS(C91:U91,C91:U91,"<0")/(AB91-AB88) -> -331403.15 | AD91: =+SUMIFS(C91:U91,C91:U91,">0")/(AB91-AB88) -> 70382.677 | AE91: =+AD91+AC91 -> -261020.48 | AH91: =+AB91 -> 46113 | AI91: =+AI90+AC91 -> #DIV/0! | AJ91: =+AJ90+AD91 -> #DIV/0! | AK91: =+AK90+AE91 -> 441097.87
AC92: =+SUMIFS(C92:U92,C92:U92,"<0")/(AB92-AB89) -> #DIV/0! | AD92: =+SUMIFS(C92:U92,C92:U92,">0")/(AB92-AB89) -> #DIV/0! | AH92: =+AB92 -> 0 | AI92: =+AI91+AC92 -> #DIV/0! | AJ92: =+AJ91+AD92 -> #DIV/0! | AK92: =+AK91+AE92 -> 441097.87
AC93: =+SUMIFS(C93:U93,C93:U93,"<0")/(AB93-AB90) -> #DIV/0! | AD93: =+SUMIFS(C93:U93,C93:U93,">0")/(AB93-AB90) -> #DIV/0! | AH93: =+AB93 -> 0 | AI93: =+AI92+AC93 -> #DIV/0! | AJ93: =+AJ92+AD93 -> #DIV/0! | AK93: =+AK92+AE93 -> 441097.87
B94: 46116 | C94: =+SUMIFS(das_tank_inventories_daily!$M:$M,das_tank_inventories_daily!$C:$C,calculations!$B94,das_tank_inventories_daily!$H:$H,calculations!C$1) -> -4267.2277 | D94: =+SUMIFS(das_tank_inventories_daily!$M:$M,das_tank_inventories_daily!$C:$C,calculations!$B94,das_tank_inventories_daily!$H:$H,calculations!D$1) -> -4642.4728 | E94: =+SUMIFS(das_tank_inventories_daily!$M:$M,das_tank_inventories_daily!$C:$C,calculations!$B94,das_tank_inventories_daily!$H:$H,calculations!E$1) -> 259304.72 | F94: =+SUMIFS(das_tank_inventories_daily!$M:$M,das_tank_inventories_daily!$C:$C,calculations!$B94,das_tank_inventories_daily!$H:$H,calculations!F$1) -> 0 | G94: =+SUMIFS(das_tank_inventories_daily!$M:$M,das_tank_inventories_daily!$C:$C,calculations!$B94,das_tank_inventories_daily!$H:$H,calculations!G$1) -> -12293.993 | H94: =+SUMIFS(das_tank_inventories_daily!$M:$M,das_tank_inventories_daily!$C:$C,calculations!$B94,das_tank_inventories_daily!$H:$H,calculations!H$1) -> 46292.103 | I94: =+SUMIFS(das_tank_inventories_daily!$M:$M,das_tank_inventories_daily!$C:$C,calculations!$B94,das_tank_inventories_daily!$H:$H,calculations!I$1) -> 9406.4134 | J94: =+SUMIFS(das_tank_inventories_daily!$M:$M,das_tank_inventories_daily!$C:$C,calculations!$B94,das_tank_inventories_daily!$H:$H,calculations!J$1) -> -24745.649 | ... U94: =+SUMIFS(das_tank_inventories_daily!$M:$M,das_tank_inventories_daily!$C:$C,calculations!$B94,das_tank_inventories_daily!$H:$H,calculations!U$1) -> 36101.505 | W94: =+B94 -> 46116 | X94: =+SUMIFS(C94:U94,C94:U94,"<0") -> -134809.95 | Y94: =+SUMIFS(C94:U94,C94:U94,"<0") -> -134809.95 | Z94: =+Y94+X94 -> -269619.89 | AB94: =+B94 -> 46116 | AC94: =+SUMIFS(C94:U94,C94:U94,"<0")/(AB94-AB91) -> -44936.649 | AD94: =+SUMIFS(C94:U94,C94:U94,">0")/(AB94-AB91) -> 303066.79 | AE94: =+AD94+AC94 -> 258130.15 | AH94: =+AB94 -> 46116 | AI94: =+AI93+AC94 -> #DIV/0! | AJ94: =+AJ93+AD94 -> #DIV/0! | AK94: =+AK93+AE94 -> 699228.02
AC95: =+SUMIFS(C95:U95,C95:U95,"<0")/(AB95-AB92) -> #DIV/0! | AD95: =+SUMIFS(C95:U95,C95:U95,">0")/(AB95-AB92) -> #DIV/0! | AH95: =+AB95 -> 0 | AI95: =+AI94+AC95 -> #DIV/0! | AJ95: =+AJ94+AD95 -> #DIV/0! | AK95: =+AK94+AE95 -> 699228.02
AC96: =+SUMIFS(C96:U96,C96:U96,"<0")/(AB96-AB93) -> #DIV/0! | AD96: =+SUMIFS(C96:U96,C96:U96,">0")/(AB96-AB93) -> #DIV/0! | AH96: =+AB96 -> 0 | AI96: =+AI95+AC96 -> #DIV/0! | AJ96: =+AJ95+AD96 -> #DIV/0! | AK96: =+AK95+AE96 -> 699228.02
B97: 46119 | C97: =+SUMIFS(das_tank_inventories_daily!$M:$M,das_tank_inventories_daily!$C:$C,calculations!$B97,das_tank_inventories_daily!$H:$H,calculations!C$1) -> 3574.42 | D97: =+SUMIFS(das_tank_inventories_daily!$M:$M,das_tank_inventories_daily!$C:$C,calculations!$B97,das_tank_inventories_daily!$H:$H,calculations!D$1) -> 5541.1148 | E97: =+SUMIFS(das_tank_inventories_daily!$M:$M,das_tank_inventories_daily!$C:$C,calculations!$B97,das_tank_inventories_daily!$H:$H,calculations!E$1) -> 79165.215 | F97: =+SUMIFS(das_tank_inventories_daily!$M:$M,das_tank_inventories_daily!$C:$C,calculations!$B97,das_tank_inventories_daily!$H:$H,calculations!F$1) -> 0 | G97: =+SUMIFS(das_tank_inventories_daily!$M:$M,das_tank_inventories_daily!$C:$C,calculations!$B97,das_tank_inventories_daily!$H:$H,calculations!G$1) -> 4301.3919 | H97: =+SUMIFS(das_tank_inventories_daily!$M:$M,das_tank_inventories_daily!$C:$C,calculations!$B97,das_tank_inventories_daily!$H:$H,calculations!H$1) -> -6051.7045 | I97: =+SUMIFS(das_tank_inventories_daily!$M:$M,das_tank_inventories_daily!$C:$C,calculations!$B97,das_tank_inventories_daily!$H:$H,calculations!I$1) -> -8773.2735 | J97: =+SUMIFS(das_tank_inventories_daily!$M:$M,das_tank_inventories_daily!$C:$C,calculations!$B97,das_tank_inventories_daily!$H:$H,calculations!J$1) -> 13962.998 | ... U97: =+SUMIFS(das_tank_inventories_daily!$M:$M,das_tank_inventories_daily!$C:$C,calculations!$B97,das_tank_inventories_daily!$H:$H,calculations!U$1) -> 150789.11 | W97: =+B97 -> 46119 | X97: =+SUMIFS(C97:U97,C97:U97,"<0") -> -729228.41 | Y97: =+SUMIFS(C97:U97,C97:U97,"<0") -> -729228.41 | Z97: =+Y97+X97 -> -1458456.8 | AB97: =+B97 -> 46119 | AC97: =+SUMIFS(C97:U97,C97:U97,"<0")/(AB97-AB94) -> -243076.14 | AD97: =+SUMIFS(C97:U97,C97:U97,">0")/(AB97-AB94) -> 120341.73 | AE97: =+AD97+AC97 -> -122734.41 | AH97: =+AB97 -> 46119 | AI97: =+AI96+AC97 -> #DIV/0! | AJ97: =+AJ96+AD97 -> #DIV/0! | AK97: =+AK96+AE97 -> 576493.61
AC98: =+SUMIFS(C98:U98,C98:U98,"<0")/(AB98-AB95) -> #DIV/0! | AD98: =+SUMIFS(C98:U98,C98:U98,">0")/(AB98-AB95) -> #DIV/0! | AH98: =+AB98 -> 0 | AI98: =+AI97+AC98 -> #DIV/0! | AJ98: =+AJ97+AD98 -> #DIV/0! | AK98: =+AK97+AE98 -> 576493.61
AC99: =+SUMIFS(C99:U99,C99:U99,"<0")/(AB99-AB96) -> #DIV/0! | AD99: =+SUMIFS(C99:U99,C99:U99,">0")/(AB99-AB96) -> #DIV/0! | AH99: =+AB99 -> 0 | AI99: =+AI98+AC99 -> #DIV/0! | AJ99: =+AJ98+AD99 -> #DIV/0! | AK99: =+AK98+AE99 -> 576493.61
B100: 46122 | C100: =+SUMIFS(das_tank_inventories_daily!$M:$M,das_tank_inventories_daily!$C:$C,calculations!$B100,das_tank_inventories_daily!$H:$H,calculations!C$1) -> -3961.3579 | D100: =+SUMIFS(das_tank_inventories_daily!$M:$M,das_tank_inventories_daily!$C:$C,calculations!$B100,das_tank_inventories_daily!$H:$H,calculations!D$1) -> -4679.9484 | E100: =+SUMIFS(das_tank_inventories_daily!$M:$M,das_tank_inventories_daily!$C:$C,calculations!$B100,das_tank_inventories_daily!$H:$H,calculations!E$1) -> -69003.441 | F100: =+SUMIFS(das_tank_inventories_daily!$M:$M,das_tank_inventories_daily!$C:$C,calculations!$B100,das_tank_inventories_daily!$H:$H,calculations!F$1) -> 0 | G100: =+SUMIFS(das_tank_inventories_daily!$M:$M,das_tank_inventories_daily!$C:$C,calculations!$B100,das_tank_inventories_daily!$H:$H,calculations!G$1) -> -14070.713 | H100: =+SUMIFS(das_tank_inventories_daily!$M:$M,das_tank_inventories_daily!$C:$C,calculations!$B100,das_tank_inventories_daily!$H:$H,calculations!H$1) -> 5984.8014 | I100: =+SUMIFS(das_tank_inventories_daily!$M:$M,das_tank_inventories_daily!$C:$C,calculations!$B100,das_tank_inventories_daily!$H:$H,calculations!I$1) -> 1671.4164 | J100: =+SUMIFS(das_tank_inventories_daily!$M:$M,das_tank_inventories_daily!$C:$C,calculations!$B100,das_tank_inventories_daily!$H:$H,calculations!J$1) -> -19350.826 | ... U100: =+SUMIFS(das_tank_inventories_daily!$M:$M,das_tank_inventories_daily!$C:$C,calculations!$B100,das_tank_inventories_daily!$H:$H,calculations!U$1) -> -216121.93 | W100: =+B100 -> 46122 | X100: =+SUMIFS(C100:U100,C100:U100,"<0") -> -500119.57 | Y100: =+SUMIFS(C100:U100,C100:U100,"<0") -> -500119.57 | Z100: =+Y100+X100 -> -1000239.1 | AB100: =+B100 -> 46122 | AC100: =+SUMIFS(C100:U100,C100:U100,"<0")/(AB100-AB97) -> -166706.52 | AD100: =+SUMIFS(C100:U100,C100:U100,">0")/(AB100-AB97) -> 170199.77 | AE100: =+AD100+AC100 -> 3493.2461 | AH100: =+AB100 -> 46122 | AI100: =+AI99+AC100 -> #DIV/0! | AJ100: =+AJ99+AD100 -> #DIV/0! | AK100: =+AK99+AE100 -> 579986.86
AC101: =+SUMIFS(C101:U101,C101:U101,"<0")/(AB101-AB98) -> #DIV/0! | AD101: =+SUMIFS(C101:U101,C101:U101,">0")/(AB101-AB98) -> #DIV/0! | AH101: =+AB101 -> 0 | AI101: =+AI100+AC101 -> #DIV/0! | AJ101: =+AJ100+AD101 -> #DIV/0! | AK101: =+AK100+AE101 -> 579986.86
AC102: =+SUMIFS(C102:U102,C102:U102,"<0")/(AB102-AB99) -> #DIV/0! | AD102: =+SUMIFS(C102:U102,C102:U102,">0")/(AB102-AB99) -> #DIV/0! | AH102: =+AB102 -> 0 | AI102: =+AI101+AC102 -> #DIV/0! | AJ102: =+AJ101+AD102 -> #DIV/0! | AK102: =+AK101+AE102 -> 579986.86
B103: 46125 | C103: =+SUMIFS(das_tank_inventories_daily!$M:$M,das_tank_inventories_daily!$C:$C,calculations!$B103,das_tank_inventories_daily!$H:$H,calculations!C$1) -> 4671.4124 | D103: =+SUMIFS(das_tank_inventories_daily!$M:$M,das_tank_inventories_daily!$C:$C,calculations!$B103,das_tank_inventories_daily!$H:$H,calculations!D$1) -> 4400.9338 | E103: =+SUMIFS(das_tank_inventories_daily!$M:$M,das_tank_inventories_daily!$C:$C,calculations!$B103,das_tank_inventories_daily!$H:$H,calculations!E$1) -> -269466.49 | F103: =+SUMIFS(das_tank_inventories_daily!$M:$M,das_tank_inventories_daily!$C:$C,calculations!$B103,das_tank_inventories_daily!$H:$H,calculations!F$1) -> 0 | G103: =+SUMIFS(das_tank_inventories_daily!$M:$M,das_tank_inventories_daily!$C:$C,calculations!$B103,das_tank_inventories_daily!$H:$H,calculations!G$1) -> 13209.191 | H103: =+SUMIFS(das_tank_inventories_daily!$M:$M,das_tank_inventories_daily!$C:$C,calculations!$B103,das_tank_inventories_daily!$H:$H,calculations!H$1) -> -27492.273 | I103: =+SUMIFS(das_tank_inventories_daily!$M:$M,das_tank_inventories_daily!$C:$C,calculations!$B103,das_tank_inventories_daily!$H:$H,calculations!I$1) -> -4344.6287 | J103: =+SUMIFS(das_tank_inventories_daily!$M:$M,das_tank_inventories_daily!$C:$C,calculations!$B103,das_tank_inventories_daily!$H:$H,calculations!J$1) -> 20816.647 | ... U103: =+SUMIFS(das_tank_inventories_daily!$M:$M,das_tank_inventories_daily!$C:$C,calculations!$B103,das_tank_inventories_daily!$H:$H,calculations!U$1) -> -27.262987 | W103: =+B103 -> 46125 | X103: =+SUMIFS(C103:U103,C103:U103,"<0") -> -961894.13 | Y103: =+SUMIFS(C103:U103,C103:U103,"<0") -> -961894.13 | Z103: =+Y103+X103 -> -1923788.3 | AB103: =+B103 -> 46125 | AC103: =+SUMIFS(C103:U103,C103:U103,"<0")/(AB103-AB100) -> -320631.38 | AD103: =+SUMIFS(C103:U103,C103:U103,">0")/(AB103-AB100) -> 30886.942 | AE103: =+AD103+AC103 -> -289744.44 | AH103: =+AB103 -> 46125 | AI103: =+AI102+AC103 -> #DIV/0! | AJ103: =+AJ102+AD103 -> #DIV/0! | AK103: =+AK102+AE103 -> 290242.42
AC104: =+SUMIFS(C104:U104,C104:U104,"<0")/(AB104-AB101) -> #DIV/0! | AD104: =+SUMIFS(C104:U104,C104:U104,">0")/(AB104-AB101) -> #DIV/0! | AH104: =+AB104 -> 0 | AI104: =+AI103+AC104 -> #DIV/0! | AJ104: =+AJ103+AD104 -> #DIV/0! | AK104: =+AK103+AE104 -> 290242.42
...

Sheet table_compare
C1: Date | D1: tank_draw | E1: tank_draw_kb | F1: tanker_tracking_kb
C2: 46026 | D2: -1209323.7 | E2: =D2/1000 -> -1209.3237
C3: 46029 | D3: -2238216.8 | E3: =D3/1000 -> -2238.2168
C4: 46032 | D4: -630031.27 | E4: =D4/1000 -> -630.03127
C5: 46035 | D5: -1523795.3 | E5: =D5/1000 -> -1523.7953
C6: 46038 | D6: -740497.71 | E6: =D6/1000 -> -740.49771
C7: 46041 | D7: -2288252.3 | E7: =D7/1000 -> -2288.2523
C8: 46047 | D8: -925355.22 | E8: =D8/1000 -> -925.35522
C9: 46050 | D9: -950796.53 | E9: =D9/1000 -> -950.79653
C10: 46053 | D10: -1925909.9 | E10: =D10/1000 -> -1925.9099
C11: 46056 | D11: -1563606.6 | E11: =D11/1000 -> -1563.6066
C12: 46059 | D12: -1915287.8 | E12: =D12/1000 -> -1915.2878
C13: 46062 | D13: -1527739.8 | E13: =D13/1000 -> -1527.7398
... C71: 46225 | D71: -971435.3 | E71: =D71/1000 -> -971.4353
C72: 46228 | D72: -1047554.7 | E72: =D72/1000 -> -1047.5547 | G72: -750
C73: 46231 | D73: -1298326.1 | E73: =D73/1000 -> -1298.3261 | G73: 0
C74: 46234 | D74: -212015.52 | E74: =D74/1000 -> -212.01552 | G74: -2000
C75: 46237 | D75: -806644.23 | E75: =D75/1000 -> -806.64423 | G75: -4000
C76: 46240 | D76: -1368725.9 | E76: =D76/1000 -> -1368.7259 | G76: -2000
C77: 46243 | D77: -1701225.1 | E77: =D77/1000 -> -1701.2251 | G77: 0
C78: 46246 | D78: -2103102.1 | E78: =D78/1000 -> -2103.1021 | G78: -2000
